run_id,train_file,corruption_scheme,n_samples,n_features,d0,k0,k0_ratio,time_limit,mip_gap_target,status_name,solved_to_optimality,objective_value,best_bound,mip_gap,runtime_sec,node_count,selected_features,detected_outliers,estimated_z,selected_coefficients,train_lad_authentic,train_mae_all,train_mse_all,true_features,true_outliers,error_message
1,data/raw/synthetic/vertical_outliers/test150322_100_50_01_2_0_5_-10_1.dat,vertical_outliers,100,49,5,10,0.10,300.0,0.0001,OPTIMAL,True,0.7031308257745046,0.7031308257745046,0.0,1.4507291316986084,60.0,"[0,1,2,3,4]","[1,11,21,30,31,51,65,74,76,98]",-0.8308899753336596,"{""0"":0.9999999785605342,""1"":0.9999999966056197,""2"":0.9999999946486079,""3"":1.0000000424382296,""4"":0.9999999902801134}",70.31308260411957,1.4172992441214405,7.037865195064091,"[0,1,2,3,4]","[11,21,30,65,74,76,98]",
2,data/raw/synthetic/vertical_outliers/test150322_100_50_01_2_0_5_-10_1.dat,vertical_outliers,100,49,5,15,0.15,300.0,0.0001,OPTIMAL,True,0.606886577600001,0.606886577600001,0.0,1.5652048587799072,443.0,"[0,1,2,3,4]","[1,7,11,21,23,30,31,47,48,51,65,74,76,86,98]",-0.8308900004681444,"{""0"":1.0,""1"":1.0,""2"":1.0,""3"":1.0,""4"":1.0}",60.688660290965366,1.4172992758970395,7.037865236817269,"[0,1,2,3,4]","[11,21,30,65,74,76,98]",
3,data/raw/synthetic/vertical_outliers/test150322_100_50_01_2_0_5_-10_1.dat,vertical_outliers,100,49,5,20,0.20,300.0,0.0001,OPTIMAL,True,0.5220343664870128,0.5220343664870128,0.0,4.634304046630859,3155.0,"[0,1,2,3,4]","[1,7,11,21,23,30,31,33,47,48,51,61,65,74,76,85,86,87,89,98]",-0.8308899765037229,"{""0"":0.9999999557938879,""1"":0.9999999751060245,""2"":1.0000000114200984,""3"":1.0000000339244686,""4"":1.0000000118982482}",52.20343808620898,1.4172992423383481,7.0378652529077,"[0,1,2,3,4]","[11,21,30,65,74,76,98]",
4,data/raw/synthetic/vertical_outliers/test150322_100_50_01_2_0_5_-10_1.dat,vertical_outliers,100,49,7,10,0.10,300.0,0.0001,OPTIMAL,True,0.7031307489163723,0.7031307489163723,0.0,1.116576910018921,675.0,"[0,1,2,3,4,6,20]","[1,11,21,30,31,51,65,74,76,98]",-0.8308899933001858,"{""0"":0.9999999932354221,""1"":1.0000000499816448,""2"":1.000000036367715,""3"":1.0000000765815058,""4"":1.0000000182620112,""6"":-9.07968929995464e-08,""20"":7.353479073427249e-08}",70.31307489202896,1.4172991790534744,7.037865232941178,"[0,1,2,3,4]","[11,21,30,65,74,76,98]",
5,data/raw/synthetic/vertical_outliers/test150322_100_50_01_2_0_5_-10_1.dat,vertical_outliers,100,49,7,15,0.15,300.0,0.0001,OPTIMAL,True,0.6068865594697783,0.6068865594697783,0.0,5.712869882583618,6604.0,"[0,1,2,3,4,9,29]","[1,7,11,21,23,30,31,47,48,51,65,74,76,86,98]",-0.8308900053983009,"{""0"":0.9999999842847832,""1"":0.9999999877714064,""2"":0.9999999766418042,""3"":1.0000000121960728,""4"":1.000000032279886,""9"":3.45653763367206e-08,""29"":-3.6985409758601614e-08}",60.688656137241196,1.417299240358705,7.037865180245091,"[0,1,2,3,4]","[11,21,30,65,74,76,98]",
6,data/raw/synthetic/vertical_outliers/test150322_100_50_01_2_0_5_-10_1.dat,vertical_outliers,100,49,7,20,0.20,300.0,0.0001,OPTIMAL,True,0.5220341058009623,0.5220341058009623,0.0,111.02948808670044,60257.0,"[0,1,2,3,4,5,42]","[1,7,11,21,23,30,31,33,47,48,51,61,65,74,76,85,86,87,89,98]",-0.8308898362434433,"{""0"":0.9999999887097543,""1"":1.0000000855538351,""2"":0.999999865620027,""3"":1.000000042526869,""4"":1.0000001921320503,""5"":-3.9091264570532125e-08,""42"":-1.6663262883478422e-07}",52.20341149375493,1.4172990489813333,7.037865071081172,"[0,1,2,3,4]","[11,21,30,65,74,76,98]",
7,data/raw/synthetic/vertical_outliers/test150322_100_50_01_2_0_5_-10_1.dat,vertical_outliers,100,49,9,10,0.10,300.0,0.0001,OPTIMAL,True,0.7031291696486281,0.7031291696486281,0.0,6.776933908462524,10521.0,"[0,1,2,3,4,30,35,41]","[1,11,21,30,31,51,65,74,76,98]",-0.8308895087125382,"{""0"":0.9999997064023501,""1"":1.0000011591350897,""2"":1.000000157681537,""3"":1.0000009956354696,""4"":1.000000579736361,""30"":2.5765649035182855e-07,""35"":4.647142317046517e-07,""41"":-5.761048844955967e-07}",70.31291696486267,1.4172978411062394,7.037865964841015,"[0,1,2,3,4]","[11,21,30,65,74,76,98]",
8,data/raw/synthetic/vertical_outliers/test150322_100_50_01_2_0_5_-10_1.dat,vertical_outliers,100,49,9,15,0.15,300.0,0.0001,OPTIMAL,True,0.6068850168100859,0.6068850168100859,0.0,17.265035152435303,21569.0,"[0,1,2,3,4,6,17,23]","[1,7,11,21,23,30,31,47,48,51,65,74,76,86,98]",-0.8308897526895611,"{""0"":0.9999995720826399,""1"":1.0000013958661578,""2"":1.0000011422750483,""3"":1.0000009054369576,""4"":1.0000008501518196,""6"":-1.175511802812208e-06,""17"":2.2191093914974205e-06,""23"":1.8085690442600943e-06}",60.68850168100831,1.417297704478998,7.037863849697782,"[0,1,2,3,4]","[11,21,30,65,74,76,98]",
9,data/raw/synthetic/vertical_outliers/test150322_100_50_01_2_0_5_-10_1.dat,vertical_outliers,100,49,9,20,0.20,300.0,0.0001,OPTIMAL,True,0.5220339890209615,0.5220339890209615,0.0,212.12736701965332,128283.0,"[0,1,2,3,4,6,8,17,23]","[1,7,11,21,23,30,31,33,47,48,51,61,65,74,76,85,86,87,89,98]",-0.830889923080635,"{""0"":1.0000000462863934,""1"":1.000000182708888,""2"":1.0000001995936743,""3"":1.0000001449173193,""4"":1.0000003559013568,""6"":-2.821416567592604e-07,""8"":-1.2071532216100771e-08,""17"":3.671647739231506e-07,""23"":2.8774680104039464e-07}",52.20341483443758,1.4172990286766287,7.037864839633284,"[0,1,2,3,4]","[11,21,30,65,74,76,98]",
10,data/raw/synthetic/vertical_outliers/test150322_100_50_01_2_0_5_-10_2.dat,vertical_outliers,100,49,5,10,0.10,300.0,0.0001,OPTIMAL,True,0.6474573270288797,0.6474573270288797,0.0,0.23603081703186035,1.0,"[0,1,2,3,4]","[24,25,34,36,42,46,60,65,82,99]",0.3949846179085169,"{""0"":1.0000000012170687,""1"":0.9999999963985371,""2"":1.0000000019839201,""3"":0.9999999991710704,""4"":0.9999999979547838}",64.74573279931833,1.4119426473119805,7.935919396399466,"[0,1,2,3,4]","[24,25,34,46,60,65,99]",
11,data/raw/synthetic/vertical_outliers/test150322_100_50_01_2_0_5_-10_2.dat,vertical_outliers,100,49,5,15,0.15,300.0,0.0001,OPTIMAL,True,0.5614502907468442,0.5614502907468442,0.0,2.4911839962005615,391.0,"[0,1,2,3,4]","[12,23,24,25,34,36,42,46,52,60,65,78,79,82,99]",0.39498463581178656,"{""0"":1.0,""1"":1.0000000125270014,""2"":0.9999999817128117,""3"":1.0,""4"":0.9999999852721878}",56.145029670677225,1.4119426242472242,7.935919212675128,"[0,1,2,3,4]","[24,25,34,46,60,65,99]",
12,data/raw/synthetic/vertical_outliers/test150322_100_50_01_2_0_5_-10_2.dat,vertical_outliers,100,49,5,20,0.20,300.0,0.0001,OPTIMAL,True,0.4841941149377611,0.4841941149377611,0.0,3.4111459255218506,3911.0,"[0,1,2,3,4]","[12,20,21,23,24,25,27,34,36,42,46,52,60,65,72,78,79,82,92,99]",0.3949846740782332,"{""0"":1.0,""1"":1.0,""2"":1.0,""3"":1.0000000195042347,""4"":1.0}",48.419412009592264,1.4119426473790633,7.935919552486735,"[0,1,2,3,4]","[24,25,34,46,60,65,99]",
13,data/raw/synthetic/vertical_outliers/test150322_100_50_01_2_0_5_-10_2.dat,vertical_outliers,100,49,7,10,0.10,300.0,0.0001,OPTIMAL,True,0.6474573241627741,0.6474573241627741,0.0,0.24286699295043945,1.0,"[0,1,2,3,4,42,44]","[24,25,34,36,42,46,60,65,82,99]",0.3949846110640503,"{""0"":1.0000000013390822,""1"":1.0,""2"":1.0,""3"":1.0000000041002786,""4"":1.000000002383977,""42"":1.4214310735578768e-09,""44"":4.397086848285781e-09}",64.74573285529432,1.4119426488690323,7.935919397490485,"[0,1,2,3,4]","[24,25,34,46,60,65,99]",
14,data/raw/synthetic/vertical_outliers/test150322_100_50_01_2_0_5_-10_2.dat,vertical_outliers,100,49,7,15,0.15,300.0,0.0001,OPTIMAL,True,0.5614494576583624,0.5614494576583624,0.0,4.8743109703063965,3174.0,"[0,1,2,3,4,45]","[12,23,24,25,34,36,42,46,52,60,65,78,79,82,99]",0.39498481949488146,"{""0"":0.999999366683413,""1"":0.9999994708183091,""2"":0.9999997496327164,""3"":0.99999905407686,""4"":0.9999995658936779,""45"":1.023380701336939e-06}",56.14494623262256,1.4119419993571392,7.935920176038001,"[0,1,2,3,4]","[24,25,34,46,60,65,99]",
15,data/raw/synthetic/vertical_outliers/test150322_100_50_01_2_0_5_-10_2.dat,vertical_outliers,100,49,7,20,0.20,300.0,0.0001,OPTIMAL,True,0.48419373361001306,0.48419373361001306,0.0,20.845739126205444,25621.0,"[0,1,2,3,4,6,45]","[12,20,21,23,24,25,27,34,36,42,46,52,60,65,72,78,79,82,92,99]",0.39498480213966336,"{""0"":0.9999998246310925,""1"":0.9999998318754987,""2"":1.0000002388161378,""3"":0.9999996472035467,""4"":0.9999997204132113,""6"":0.0,""45"":2.9814447345897276e-07}",48.41939047397007,1.4119423586683837,7.935918084424302,"[0,1,2,3,4]","[24,25,34,46,60,65,99]",
16,data/raw/synthetic/vertical_outliers/test150322_100_50_01_2_0_5_-10_2.dat,vertical_outliers,100,49,9,10,0.10,300.0,0.0001,OPTIMAL,True,0.6474573262822734,0.6474573262822734,0.0,0.2368459701538086,1.0,"[0,1,2,3,4,12,36,39,45]","[24,25,34,36,42,46,60,65,82,99]",0.3949846132524718,"{""0"":1.000000003918448,""1"":0.9999999970711145,""2"":1.0000000013044843,""3"":0.9999999941251229,""4"":0.9999999974981032,""12"":1.5105419467073962e-09,""36"":5.935763986456404e-09,""39"":-3.0168024436456367e-09,""45"":1.1612751042304581e-09}",64.74573271174386,1.41194264606935,7.935919392557679,"[0,1,2,3,4]","[24,25,34,46,60,65,99]",
17,data/raw/synthetic/vertical_outliers/test150322_100_50_01_2_0_5_-10_2.dat,vertical_outliers,100,49,9,15,0.15,300.0,0.0001,OPTIMAL,True,0.5614495772505173,0.5614495772505173,0.0,6.245904922485352,7733.0,"[0,1,2,3,4,7,15,40]","[12,23,24,25,34,36,42,46,52,60,65,78,79,82,99]",0.39498481262956964,"{""0"":0.9999996171657475,""1"":0.9999994954867032,""2"":1.0000001430868524,""3"":0.9999995824826624,""4"":0.9999997187223372,""7"":-1.4063873170820615e-07,""15"":2.346189044726498e-07,""40"":7.501265072451979e-07}",56.14496287538613,1.411942111831669,7.935920086392786,"[0,1,2,3,4]","[24,25,34,46,60,65,99]",
18,data/raw/synthetic/vertical_outliers/test150322_100_50_01_2_0_5_-10_2.dat,vertical_outliers,100,49,9,20,0.20,300.0,0.0001,INFEASIBLE,False,,,,1.778097152709961,1.0,,,,,,,,"[0,1,2,3,4]","[24,25,34,46,60,65,99]",
19,data/raw/synthetic/vertical_outliers/test150322_100_50_01_2_0_5_-10_3.dat,vertical_outliers,100,49,5,10,0.10,300.0,0.0001,OPTIMAL,True,0.6966556870613516,0.6966556870613516,0.0,0.8902149200439453,1.0,"[0,1,2,3,4]","[18,24,42,44,47,69,82,83,95,97]",1.0429865000927594,"{""0"":1.0,""1"":0.9999999975255947,""2"":1.0000000016800659,""3"":0.9999999978834104,""4"":1.0}",69.66556878945518,1.6679185000118677,10.411496292257668,"[0,1,2,3,4]","[18,24,42,44,47,69,82,83,95,97]",
20,data/raw/synthetic/vertical_outliers/test150322_100_50_01_2_0_5_-10_3.dat,vertical_outliers,100,49,5,15,0.15,300.0,0.0001,OPTIMAL,True,0.5819056847638109,0.5819056847638109,0.0,2.9614717960357666,457.0,"[0,1,2,3,4]","[2,6,18,21,24,42,44,47,65,69,73,82,83,95,97]",1.0429865586058649,"{""0"":1.0,""1"":1.0,""2"":1.0,""3"":1.0,""4"":1.0}",58.19057722249737,1.667918504562505,10.411496417257515,"[0,1,2,3,4]","[18,24,42,44,47,69,82,83,95,97]",
21,data/raw/synthetic/vertical_outliers/test150322_100_50_01_2_0_5_-10_3.dat,vertical_outliers,100,49,5,20,0.20,300.0,0.0001,OPTIMAL,True,0.5012882588843084,0.5012882588843084,0.0,4.09610390663147,1713.0,"[0,1,2,3,4]","[1,2,3,4,6,18,21,24,42,44,47,65,69,73,75,80,82,83,95,97]",1.0429864945353398,"{""0"":1.000000007869327,""1"":0.9999999913993579,""2"":1.000000006407476,""3"":1.0000000145164476,""4"":1.0000000039873902}",50.12882684795181,1.6679184998984224,10.411496299274942,"[0,1,2,3,4]","[18,24,42,44,47,69,82,83,95,97]",
22,data/raw/synthetic/vertical_outliers/test150322_100_50_01_2_0_5_-10_3.dat,vertical_outliers,100,49,7,10,0.10,300.0,0.0001,OPTIMAL,True,0.6966554510753404,0.6966554510753404,0.0,2.1507110595703125,391.0,"[0,1,2,3,4,31,44]","[18,24,42,44,47,69,82,83,95,97]",1.0429865337093092,"{""0"":0.9999999469169635,""1"":1.0000000345799538,""2"":1.0000000829108566,""3"":1.0000000273764775,""4"":1.0000000856293505,""31"":-2.709127381761572e-07,""44"":-1.3466021479962126e-07}",69.66554510773041,1.6679182535850887,10.411495767654817,"[0,1,2,3,4]","[18,24,42,44,47,69,82,83,95,97]",
23,data/raw/synthetic/vertical_outliers/test150322_100_50_01_2_0_5_-10_3.dat,vertical_outliers,100,49,7,15,0.15,300.0,0.0001,OPTIMAL,True,0.5819053240108651,0.5819053240108651,0.0,4.742928981781006,4709.0,"[0,1,2,3,4,21,39]","[2,6,18,21,24,42,44,47,65,69,73,82,83,95,97]",1.042986675954086,"{""0"":0.9999998856538509,""1"":1.0000002643934534,""2"":1.0000002659436948,""3"":0.9999998209225525,""4"":1.0000001515597337,""21"":1.1782932160032633e-07,""39"":0.0}",58.19054089828221,1.667918078783801,10.411494753700847,"[0,1,2,3,4]","[18,24,42,44,47,69,82,83,95,97]",
24,data/raw/synthetic/vertical_outliers/test150322_100_50_01_2_0_5_-10_3.dat,vertical_outliers,100,49,7,20,0.20,300.0,0.0001,OPTIMAL,True,0.5012881594375393,0.5012881594375393,0.0,19.51335096359253,20079.0,"[0,1,2,3,4,5,38]","[1,2,3,4,6,18,21,24,42,44,47,65,69,73,75,80,82,83,95,97]",1.0429864995235214,"{""0"":0.9999999845083876,""1"":0.9999999716225079,""2"":1.0000000524243369,""3"":0.9999999485364167,""4"":1.0000000346390339,""5"":-3.302674505949725e-08,""38"":-1.7629235145994682e-08}",50.12882101575802,1.6679184334339023,10.411496059746826,"[0,1,2,3,4]","[18,24,42,44,47,69,82,83,95,97]",
25,data/raw/synthetic/vertical_outliers/test150322_100_50_01_2_0_5_-10_3.dat,vertical_outliers,100,49,9,10,0.10,300.0,0.0001,OPTIMAL,True,0.6966539481668832,0.6966539481668832,0.0,5.0398571491241455,4649.0,"[0,1,2,3,4,15,21,38]","[18,24,42,44,47,69,82,83,95,97]",1.0429873137857248,"{""0"":0.9999990591566257,""1"":1.0000011759054765,""2"":1.0000010677397408,""3"":0.9999995883214814,""4"":1.000001189632435,""15"":1.1328163501738736e-06,""21"":7.990422613340223e-07,""38"":-4.712262284199245e-07}",69.66539701047832,1.6679167554106757,10.411493319095138,"[0,1,2,3,4]","[18,24,42,44,47,69,82,83,95,97]",
26,data/raw/synthetic/vertical_outliers/test150322_100_50_01_2_0_5_-10_3.dat,vertical_outliers,100,49,9,15,0.15,300.0,0.0001,OPTIMAL,True,0.5819053885194485,0.5819053885194485,0.0,12.107553005218506,5404.0,"[0,1,2,3,4,16,22,27,31]","[2,6,18,21,24,42,44,47,65,69,73,82,83,95,97]",1.0429864257991617,"{""0"":0.9999999520555239,""1"":1.0000000380011518,""2"":1.0000004580617794,""3"":0.9999998990628145,""4"":1.0000000852659856,""16"":-6.151270830097592e-08,""22"":-7.362419905359358e-08,""27"":-1.0350215176431505e-07,""31"":-4.765011362503568e-07}",58.190539109592265,1.6679180283448942,10.41149402548646,"[0,1,2,3,4]","[18,24,42,44,47,69,82,83,95,97]",
27,data/raw/synthetic/vertical_outliers/test150322_100_50_01_2_0_5_-10_3.dat,vertical_outliers,100,49,9,20,0.20,300.0,0.0001,OPTIMAL,True,0.5012877004358387,0.5012877004358387,0.0,60.87116599082947,82710.0,"[0,1,2,3,4,28,31,44]","[1,2,3,4,6,18,21,24,42,44,47,65,69,73,75,80,82,83,95,97]",1.0429867016183691,"{""0"":0.999999824007883,""1"":1.0000005352968229,""2"":1.0000004953497748,""3"":0.9999998874257259,""4"":1.0000002256229525,""28"":-5.310959417025347e-07,""31"":-8.842742502247947e-07,""44"":-3.4380707164440824e-07}",50.12877332348486,1.6679177885381273,10.41149356894369,"[0,1,2,3,4]","[18,24,42,44,47,69,82,83,95,97]",
28,data/raw/synthetic/vertical_outliers/test150322_150_50_01_2_0_5_-10_1.dat,vertical_outliers,150,49,5,15,0.10,300.0,0.0001,OPTIMAL,True,0.7505876686614599,0.7505876686614599,0.0,0.3652470111846924,1.0,"[0,1,2,3,4]","[8,10,12,19,33,39,45,50,65,69,72,74,77,87,107]",-2.468489653287486,"{""0"":1.0000000015196855,""1"":0.9999999986363651,""2"":1.0000000020871005,""3"":0.9999999949938343,""4"":0.999999995493309}",112.58815113621765,1.768602517037015,11.760090311236645,"[0,1,2,3,4]","[8,10,12,19,33,39,45,50,65,69,72,74,77,85,87,107]",
29,data/raw/synthetic/vertical_outliers/test150322_150_50_01_2_0_5_-10_1.dat,vertical_outliers,150,49,5,23,0.15,300.0,0.0001,OPTIMAL,True,0.5902175971658217,0.5902175971658217,0.0,0.40677690505981445,1.0,"[0,1,2,3,4]","[3,8,10,12,15,18,19,33,39,44,45,49,50,65,69,70,72,74,77,85,87,107,131]",-2.4684896454014362,"{""0"":1.0000000018293578,""1"":1.0,""2"":1.0000000002343683,""3"":1.0000000012080204,""4"":0.9999999975086349}",88.5326399849799,1.768602516007622,11.760090334972041,"[0,1,2,3,4]","[8,10,12,19,33,39,45,50,65,69,72,74,77,85,87,107]",
30,data/raw/synthetic/vertical_outliers/test150322_150_50_01_2_0_5_-10_1.dat,vertical_outliers,150,49,5,30,0.20,300.0,0.0001,OPTIMAL,True,0.5070475466000097,0.5070475466000097,0.0,0.3961219787597656,1.0,"[0,1,2,3,4]","[3,8,10,12,15,18,19,21,23,33,39,44,45,49,50,59,62,65,69,70,72,74,77,83,85,87,106,107,130,131]",-2.468489645748357,"{""0"":1.0000000013032115,""1"":0.9999999992606692,""2"":1.0000000017521309,""3"":1.0000000015186195,""4"":1.0000000016354873}",76.05713220526533,1.7686025159887804,11.760090355230203,"[0,1,2,3,4]","[8,10,12,19,33,39,45,50,65,69,72,74,77,85,87,107]",
31,data/raw/synthetic/vertical_outliers/test150322_150_50_01_2_0_5_-10_1.dat,vertical_outliers,150,49,7,15,0.10,300.0,0.0001,OPTIMAL,True,0.750587663226483,0.750587663226483,0.0,0.3730340003967285,1.0,"[0,1,2,3,4,5,8]","[8,10,12,19,33,39,45,50,65,69,72,74,77,87,107]",-2.4684896383691894,"{""0"":0.9999999797225732,""1"":0.9999999845811575,""2"":0.9999999788134895,""3"":1.0000000137564993,""4"":0.9999999896559318,""5"":-2.4313882323294368e-08,""8"":0.0}",112.58815171066553,1.7686025199243705,11.760090288753508,"[0,1,2,3,4]","[8,10,12,19,33,39,45,50,65,69,72,74,77,85,87,107]",
32,data/raw/synthetic/vertical_outliers/test150322_150_50_01_2_0_5_-10_1.dat,vertical_outliers,150,49,7,23,0.15,300.0,0.0001,OPTIMAL,True,0.5902175956785172,0.5902175956785172,0.0,0.37071704864501953,1.0,"[0,1,2,3,4,27,48]","[3,8,10,12,15,18,19,33,39,44,45,49,50,65,69,70,72,74,77,85,87,107,131]",-2.4684896502198552,"{""0"":0.9999999962931474,""1"":1.000000000741949,""2"":1.0000000040606727,""3"":0.9999999990276464,""4"":0.9999999979807014,""27"":0.0,""48"":8.001003910788318e-10}",88.53263966890184,1.7686025136934374,11.76009032630832,"[0,1,2,3,4]","[8,10,12,19,33,39,45,50,65,69,72,74,77,85,87,107]",
33,data/raw/synthetic/vertical_outliers/test150322_150_50_01_2_0_5_-10_1.dat,vertical_outliers,150,49,7,30,0.20,300.0,0.0001,OPTIMAL,True,0.5070475441275768,0.5070475441275768,0.0,0.35931992530822754,1.0,"[0,1,2,3,4,15,31]","[3,8,10,12,15,18,19,21,23,33,39,44,45,49,50,59,62,65,69,70,72,74,77,83,85,87,106,107,130,131]",-2.4684896514658723,"{""0"":1.0000000024281628,""1"":0.9999999994712653,""2"":1.0000000010814132,""3"":1.0000000087335807,""4"":1.0000000031128957,""15"":-3.1881196234731758e-09,""31"":-6.8392513768752395e-09}",76.05713207658725,1.7686025141321045,11.76009034518051,"[0,1,2,3,4]","[8,10,12,19,33,39,45,50,65,69,72,74,77,85,87,107]",
34,data/raw/synthetic/vertical_outliers/test150322_150_50_01_2_0_5_-10_1.dat,vertical_outliers,150,49,9,15,0.10,300.0,0.0001,OPTIMAL,True,0.7505876681358643,0.7505876681358643,0.0,0.45204997062683105,1.0,"[0,1,2,3,4,18,20,21,34]","[8,10,12,19,33,39,45,50,65,69,72,74,77,87,107]",-2.4684896539902987,"{""0"":0.9999999994165538,""1"":0.9999999975979208,""2"":1.0000000002967082,""3"":0.9999999959454149,""4"":0.9999999977565472,""18"":-4.424081688417645e-09,""20"":2.2707292745200655e-09,""21"":-3.170779621390879e-09,""34"":-5.380965730708177e-09}",112.58815073262409,1.7686025147031013,11.760090320727278,"[0,1,2,3,4]","[8,10,12,19,33,39,45,50,65,69,72,74,77,85,87,107]",
35,data/raw/synthetic/vertical_outliers/test150322_150_50_01_2_0_5_-10_1.dat,vertical_outliers,150,49,9,23,0.15,300.0,0.0001,OPTIMAL,True,0.5902175944036578,0.5902175944036578,0.0,0.45226597785949707,1.0,"[0,1,2,3,4,24,25,29,43]","[3,8,10,12,15,18,19,33,39,44,45,49,50,65,69,70,72,74,77,85,87,107,131]",-2.468489653678067,"{""0"":1.0000000038818522,""1"":0.9999999966233882,""2"":1.0000000033462797,""3"":0.9999999976139718,""4"":0.9999999983880415,""24"":-9.774985407670087e-09,""25"":-3.1799965030748085e-09,""29"":-1.7943611883574353e-09,""43"":5.550165433879569e-09}",88.53263927828618,1.768602512226208,11.76009033769284,"[0,1,2,3,4]","[8,10,12,19,33,39,45,50,65,69,72,74,77,85,87,107]",
36,data/raw/synthetic/vertical_outliers/test150322_150_50_01_2_0_5_-10_1.dat,vertical_outliers,150,49,9,30,0.20,300.0,0.0001,OPTIMAL,True,0.5070475403942041,0.5070475403942041,0.0,0.3926360607147217,1.0,"[0,1,2,3,4,16,17,23,48]","[3,8,10,12,15,18,19,21,23,33,39,44,45,49,50,59,62,65,69,70,72,74,77,83,85,87,106,107,130,131]",-2.468489650258161,"{""0"":1.000000005917122,""1"":0.9999999986212071,""2"":1.0000000079981266,""3"":0.999999989700845,""4"":1.0,""16"":3.112591024639006e-09,""17"":3.617017092056562e-09,""23"":6.013630072015842e-09,""48"":5.410642677924419e-09}",76.05713246157352,1.7686025160692707,11.760090325869632,"[0,1,2,3,4]","[8,10,12,19,33,39,45,50,65,69,72,74,77,85,87,107]",
37,data/raw/synthetic/vertical_outliers/test150322_150_50_01_2_0_5_-10_2.dat,vertical_outliers,150,49,5,15,0.10,300.0,0.0001,OPTIMAL,True,0.7199966144913788,0.7199966144913788,0.0,0.3586888313293457,1.0,"[0,1,2,3,4]","[8,18,20,24,27,28,59,62,79,97,98,99,108,124,139]",-1.033760804194488,"{""0"":1.0000000013836519,""1"":0.9999999965039589,""2"":0.9999999933292468,""3"":0.9999999944657542,""4"":0.9999999937348797}",107.99949237047161,1.5418354239249128,8.541973939942652,"[0,1,2,3,4]","[8,18,20,24,27,28,62,79,98,108,124,139]",
38,data/raw/synthetic/vertical_outliers/test150322_150_50_01_2_0_5_-10_2.dat,vertical_outliers,150,49,5,23,0.15,300.0,0.0001,OPTIMAL,True,0.6121551013609192,0.6121551013609192,0.0,0.36100196838378906,1.0,"[0,1,2,3,4]","[8,18,20,24,27,28,36,37,54,59,62,64,78,79,80,87,97,98,99,108,124,126,139]",-1.0337608031325591,"{""0"":1.0000000022544222,""1"":1.0,""2"":1.0,""3"":1.0,""4"":1.0}",91.82326634848789,1.5418354263385812,8.541973956232919,"[0,1,2,3,4]","[8,18,20,24,27,28,62,79,98,108,124,139]",
39,data/raw/synthetic/vertical_outliers/test150322_150_50_01_2_0_5_-10_2.dat,vertical_outliers,150,49,5,30,0.20,300.0,0.0001,OPTIMAL,True,0.5309236357465039,0.5309236357465039,0.0,0.3034400939941406,1.0,"[0,1,2,3,4]","[4,8,18,20,22,24,26,27,28,36,37,54,59,62,64,72,78,79,80,87,96,97,98,99,108,111,124,126,135,139]",-1.0337608010165042,"{""0"":1.0,""1"":0.9999999912356079,""2"":0.9999999965271478,""3"":1.0000000115509848,""4"":1.000000001046945}",79.63854608741474,1.5418354233889788,8.54197396752759,"[0,1,2,3,4]","[8,18,20,24,27,28,62,79,98,108,124,139]",
40,data/raw/synthetic/vertical_outliers/test150322_150_50_01_2_0_5_-10_2.dat,vertical_outliers,150,49,7,15,0.10,300.0,0.0001,OPTIMAL,True,0.7199966116918084,0.7199966116918084,0.0,0.34542417526245117,1.0,"[0,1,2,3,4,29,48]","[8,18,20,24,27,28,59,62,79,97,98,99,108,124,139]",-1.0337607965931155,"{""0"":1.0000000060344938,""1"":1.0,""2"":1.0000000041449717,""3"":1.0000000012805288,""4"":1.0000000037019954,""29"":-4.836145316442206e-09,""48"":-5.742201479944437e-09}",107.99949215471042,1.5418354250861086,8.54197399161118,"[0,1,2,3,4]","[8,18,20,24,27,28,62,79,98,108,124,139]",
41,data/raw/synthetic/vertical_outliers/test150322_150_50_01_2_0_5_-10_2.dat,vertical_outliers,150,49,7,23,0.15,300.0,0.0001,OPTIMAL,True,0.6121551048205696,0.6121551048205696,0.0,0.36278700828552246,1.0,"[0,1,2,3,4,21,35]","[8,18,20,24,27,28,36,37,54,59,62,64,78,79,80,87,97,98,99,108,124,126,139]",-1.0337607951388093,"{""0"":1.0000000005038305,""1"":1.000000007120322,""2"":0.9999999986764989,""3"":0.999999996123601,""4"":0.9999999934881296,""21"":-4.659735053771439e-09,""35"":-1.5533184587071518e-09}",91.82326621137598,1.5418354262375853,8.541973978915573,"[0,1,2,3,4]","[8,18,20,24,27,28,62,79,98,108,124,139]",
42,data/raw/synthetic/vertical_outliers/test150322_150_50_01_2_0_5_-10_2.dat,vertical_outliers,150,49,7,30,0.20,300.0,0.0001,OPTIMAL,True,0.5309236346145774,0.5309236346145774,0.0,0.6536929607391357,1.0,"[0,1,2,3,4,20,48]","[4,8,18,20,22,24,26,27,28,36,37,54,59,62,64,72,78,79,80,87,96,97,98,99,108,111,124,126,135,139]",-1.0337607895452665,"{""0"":1.0000000042835968,""1"":0.9999999955396245,""2"":0.9999999972896725,""3"":0.9999999974876131,""4"":0.9999999944278801,""20"":1.9863830850250263e-09,""48"":-2.7695569557841998e-09}",79.63854620111638,1.5418354255693685,8.541973974258102,"[0,1,2,3,4]","[8,18,20,24,27,28,62,79,98,108,124,139]",
43,data/raw/synthetic/vertical_outliers/test150322_150_50_01_2_0_5_-10_2.dat,vertical_outliers,150,49,9,15,0.10,300.0,0.0001,OPTIMAL,True,0.7199966130119009,0.7199966130119009,0.0,0.6399171352386475,1.0,"[0,1,2,3,4,25,29,37,44]","[8,18,20,24,27,28,59,62,79,97,98,99,108,124,139]",-1.0337607969904876,"{""0"":1.000000004446974,""1"":0.9999999986906488,""2"":0.9999999958867234,""3"":0.9999999935863474,""4"":0.9999999965310057,""25"":1.4687438119002339e-09,""29"":-8.20856909145657e-09,""37"":-9.774344910692297e-10,""44"":1.933447576982282e-09}",107.999492185762,1.5418354238485144,8.54197396207642,"[0,1,2,3,4]","[8,18,20,24,27,28,62,79,98,108,124,139]",
44,data/raw/synthetic/vertical_outliers/test150322_150_50_01_2_0_5_-10_2.dat,vertical_outliers,150,49,9,23,0.15,300.0,0.0001,OPTIMAL,True,0.6121551049126168,0.6121551049126168,0.0,0.32538294792175293,1.0,"[0,1,2,3,4,10,25,42,46]","[8,18,20,24,27,28,36,37,54,59,62,64,78,79,80,87,97,98,99,108,124,126,139]",-1.033760805976717,"{""0"":1.0000000012856012,""1"":1.0000000025450395,""2"":1.000000015271581,""3"":0.9999999840285111,""4"":0.9999999944611021,""10"":-1.676272378145734e-09,""25"":3.691256130423805e-09,""42"":1.5689891058881527e-08,""46"":-1.1797462213572843e-08}",91.82326629293536,1.54183542422261,8.541973937592662,"[0,1,2,3,4]","[8,18,20,24,27,28,62,79,98,108,124,139]",
45,data/raw/synthetic/vertical_outliers/test150322_150_50_01_2_0_5_-10_2.dat,vertical_outliers,150,49,9,30,0.20,300.0,0.0001,OPTIMAL,True,0.5309236383888667,0.5309236383888667,0.0,0.35755395889282227,1.0,"[0,1,2,3,4,16,25,38,40]","[4,8,18,20,22,24,26,27,28,36,37,54,59,62,64,72,78,79,80,87,96,97,98,99,108,111,124,126,135,139]",-1.033760798921379,"{""0"":1.0000000011843306,""1"":0.9999999989522935,""2"":0.9999999988366222,""3"":0.9999999998612763,""4"":1.0000000009813574,""16"":-1.9541355665748522e-09,""25"":-3.408771815707875e-09,""38"":-7.164468016572623e-10,""40"":6.450998180567533e-10}",79.63854616940202,1.5418354246164336,8.541973961057487,"[0,1,2,3,4]","[8,18,20,24,27,28,62,79,98,108,124,139]",
46,data/raw/synthetic/vertical_outliers/test150322_150_50_01_2_0_5_-10_3.dat,vertical_outliers,150,49,5,15,0.10,300.0,0.0001,OPTIMAL,True,0.8267429984835424,0.8267429984835424,0.0,0.3150970935821533,1.0,"[0,1,2,3,4]","[14,35,62,66,79,89,105,106,112,115,118,119,127,130,131]",-0.787612224562311,"{""0"":0.9999999971617852,""1"":0.9999999988304786,""2"":1.0000000029706073,""3"":1.0000000011975794,""4"":0.9999999970290196}",124.01145011533707,1.8158165299673896,11.619609684342743,"[0,1,2,3,4]","[14,35,55,62,66,79,89,105,106,110,112,115,118,119,127,130,131]",
47,data/raw/synthetic/vertical_outliers/test150322_150_50_01_2_0_5_-10_3.dat,vertical_outliers,150,49,5,23,0.15,300.0,0.0001,OPTIMAL,True,0.6212906177970261,0.6212906177970261,0.0,0.437546968460083,1.0,"[0,1,2,3,4]","[0,14,24,35,55,58,62,66,79,89,105,106,110,112,115,118,119,127,130,131,138,139,147]",-0.7876122264206126,"{""0"":0.9999999979326553,""1"":0.9999999962886437,""2"":0.9999999972892325,""3"":0.9999999980758405,""4"":0.9999999971324386}",93.19359295187482,1.815816529540676,11.619609681937613,"[0,1,2,3,4]","[14,35,55,62,66,79,89,105,106,110,112,115,118,119,127,130,131]",
48,data/raw/synthetic/vertical_outliers/test150322_150_50_01_2_0_5_-10_3.dat,vertical_outliers,150,49,5,30,0.20,300.0,0.0001,OPTIMAL,True,0.5330399475305754,0.5330399475305754,0.0,0.4696648120880127,1.0,"[0,1,2,3,4]","[0,14,21,24,27,34,35,55,58,62,66,70,77,79,89,96,102,105,106,110,112,115,118,119,127,130,131,138,139,147]",-0.7876122267594702,"{""0"":0.9999999970476835,""1"":0.9999999944206208,""2"":1.0000000040703605,""3"":1.000000002521671,""4"":1.000000001232428}",79.95599293372348,1.8158165300163178,11.619609695718973,"[0,1,2,3,4]","[14,35,55,62,66,79,89,105,106,110,112,115,118,119,127,130,131]",
49,data/raw/synthetic/vertical_outliers/test150322_150_50_01_2_0_5_-10_3.dat,vertical_outliers,150,49,7,15,0.10,300.0,0.0001,OPTIMAL,True,0.8267429957670132,0.8267429957670132,0.0,0.3921339511871338,1.0,"[0,1,2,3,4,8,48]","[14,35,62,66,79,89,105,106,112,115,118,119,127,130,131]",-0.7876122294054937,"{""0"":1.0000000013814712,""1"":1.000000001244785,""2"":1.0,""3"":0.9999999966114677,""4"":1.0,""8"":0.0,""48"":0.0}",124.01145013716359,1.8158165307703655,11.619609695350471,"[0,1,2,3,4]","[14,35,55,62,66,79,89,105,106,110,112,115,118,119,127,130,131]",
50,data/raw/synthetic/vertical_outliers/test150322_150_50_01_2_0_5_-10_3.dat,vertical_outliers,150,49,7,23,0.15,300.0,0.0001,OPTIMAL,True,0.6212906162026428,0.6212906162026428,0.0,0.30048584938049316,1.0,"[0,1,2,3,4,7,14]","[0,14,24,35,55,58,62,66,79,89,105,106,110,112,115,118,119,127,130,131,138,139,147]",-0.7876122294426131,"{""0"":1.0000000058381155,""1"":1.0000000047827022,""2"":1.0000000143030707,""3"":0.9999999913985169,""4"":0.9999999990505752,""7"":5.696757611816407e-09,""14"":-1.8501369625927718e-08}",93.19359260068924,1.815816526742542,11.619609679455591,"[0,1,2,3,4]","[14,35,55,62,66,79,89,105,106,110,112,115,118,119,127,130,131]",
51,data/raw/synthetic/vertical_outliers/test150322_150_50_01_2_0_5_-10_3.dat,vertical_outliers,150,49,7,30,0.20,300.0,0.0001,OPTIMAL,True,0.5330399475281986,0.5330399475281986,0.0,0.3366580009460449,1.0,"[0,1,2,3,4,7,25]","[0,14,21,24,27,34,35,55,58,62,66,70,77,79,89,96,102,105,106,110,112,115,118,119,127,130,131,138,139,147]",-0.7876122240837664,"{""0"":0.9999999986509178,""1"":1.0000000028741531,""2"":0.9999999991539636,""3"":0.9999999954416179,""4"":1.0000000009447314,""7"":6.936198089987678e-10,""25"":-2.72195698507609e-10}",79.95599254045248,1.8158165276738403,11.619609686516666,"[0,1,2,3,4]","[14,35,55,62,66,79,89,105,106,110,112,115,118,119,127,130,131]",
52,data/raw/synthetic/vertical_outliers/test150322_150_50_01_2_0_5_-10_3.dat,vertical_outliers,150,49,9,15,0.10,300.0,0.0001,OPTIMAL,True,0.8267429982103387,0.8267429982103387,0.0,0.37995195388793945,1.0,"[0,1,2,3,4,28,34,39,40]","[14,35,62,66,79,89,105,106,112,115,118,119,127,130,131]",-0.7876122244763359,"{""0"":0.999999996805562,""1"":0.9999999995219957,""2"":0.9999999988997764,""3"":1.0000000007387673,""4"":0.9999999989752507,""28"":-1.774140763966784e-09,""34"":-5.212811828796815e-09,""39"":1.1352647296137239e-09,""40"":-3.393105413978004e-09}",124.01145003672164,1.8158165300515097,11.619609695996688,"[0,1,2,3,4]","[14,35,55,62,66,79,89,105,106,110,112,115,118,119,127,130,131]",
53,data/raw/synthetic/vertical_outliers/test150322_150_50_01_2_0_5_-10_3.dat,vertical_outliers,150,49,9,23,0.15,300.0,0.0001,OPTIMAL,True,0.6212906156072258,0.6212906156072258,0.0,0.4243178367614746,1.0,"[0,1,2,3,4,25,27,29,47]","[0,14,24,35,55,58,62,66,79,89,105,106,110,112,115,118,119,127,130,131,138,139,147]",-0.7876122281731768,"{""0"":1.0,""1"":0.9999999956741105,""2"":0.999999993681335,""3"":1.0,""4"":1.000000003536061,""25"":1.6260948555311448e-09,""27"":6.203602218566793e-09,""29"":4.594819633926004e-09,""47"":3.273795346097208e-09}",93.1935929916368,1.8158165309498775,11.619609698586984,"[0,1,2,3,4]","[14,35,55,62,66,79,89,105,106,110,112,115,118,119,127,130,131]",
54,data/raw/synthetic/vertical_outliers/test150322_150_50_01_2_0_5_-10_3.dat,vertical_outliers,150,49,9,30,0.20,300.0,0.0001,OPTIMAL,True,0.5330399468164124,0.5330399468164124,0.0,0.4261350631713867,1.0,"[0,1,2,3,4,11,17,35]","[0,14,21,24,27,34,35,55,58,62,66,70,77,79,89,96,102,105,106,110,112,115,118,119,127,130,131,138,139,147]",-0.7876122250767181,"{""0"":1.0,""1"":0.9999999978219873,""2"":1.0000000020506035,""3"":1.0000000023769404,""4"":0.9999999995579376,""11"":-1.1507852206875446e-09,""17"":-2.6353806518600577e-09,""35"":-2.546503134488976e-10}",79.95599262989235,1.8158165286567525,11.6196096948237,"[0,1,2,3,4]","[14,35,55,62,66,79,89,105,106,110,112,115,118,119,127,130,131]",
55,data/raw/synthetic/vertical_outliers/test150322_200_50_01_2_0_5_-10_1.dat,vertical_outliers,200,49,5,20,0.10,300.0,0.0001,OPTIMAL,True,0.8855357620522142,0.8855357620522142,0.0,0.6386919021606445,1.0,"[0,1,2,3,4]","[3,4,27,32,43,44,60,96,109,114,116,122,130,146,163,177,183,190,195,197]",-0.26206166675102777,"{""0"":1.0000000036984662,""1"":1.000000004736795,""2"":0.9999999981657687,""3"":1.0,""4"":0.9999999969996103}",177.1071530920812,1.9051480840972974,12.95966313342361,"[0,1,2,3,4]","[3,4,7,23,27,32,43,44,60,96,109,114,116,122,130,146,163,177,178,179,183,190,195,197]",
56,data/raw/synthetic/vertical_outliers/test150322_200_50_01_2_0_5_-10_1.dat,vertical_outliers,200,49,5,30,0.15,300.0,0.0001,OPTIMAL,True,0.6252608752062372,0.6252608752062372,0.0,0.6241509914398193,1.0,"[0,1,2,3,4]","[3,4,7,23,27,32,43,44,60,66,88,89,96,109,111,114,116,121,122,130,134,146,163,177,178,179,183,190,195,197]",-0.26206166531975517,"{""0"":1.0000000038074994,""1"":1.0000000078558868,""2"":1.0000000069079755,""3"":1.0000000088052021,""4"":1.0}",125.05217597220994,1.9051480822497222,12.959663152926629,"[0,1,2,3,4]","[3,4,7,23,27,32,43,44,60,96,109,114,116,122,130,146,163,177,178,179,183,190,195,197]",
57,data/raw/synthetic/vertical_outliers/test150322_200_50_01_2_0_5_-10_1.dat,vertical_outliers,200,49,5,40,0.20,300.0,0.0001,OPTIMAL,True,0.5255823203334202,0.5255823203334202,0.0,0.4300398826599121,1.0,"[0,1,2,3,4]","[3,4,7,23,27,32,35,43,44,45,49,60,66,85,88,89,92,96,104,109,111,114,116,119,121,122,128,130,134,146,151,163,169,177,178,179,183,190,195,197]",-0.2620616708291856,"{""0"":1.0000000039514902,""1"":1.0,""2"":1.00000000032188,""3"":1.000000003590446,""4"":0.9999999885709634}",105.11646480374424,1.9051480836197692,12.959663109350055,"[0,1,2,3,4]","[3,4,7,23,27,32,43,44,60,96,109,114,116,122,130,146,163,177,178,179,183,190,195,197]",
58,data/raw/synthetic/vertical_outliers/test150322_200_50_01_2_0_5_-10_1.dat,vertical_outliers,200,49,7,20,0.10,300.0,0.0001,OPTIMAL,True,0.8855357629808864,0.8855357629808864,0.0,0.5054769515991211,1.0,"[0,1,2,3,4,5,45]","[3,4,27,32,43,44,60,96,109,114,116,122,130,146,163,177,183,190,195,197]",-0.26206166652907265,"{""0"":0.9999999986381688,""1"":1.0000000018439275,""2"":0.9999999990055773,""3"":0.9999999998033654,""4"":0.9999999987283559,""5"":4.889292916950188e-10,""45"":1.6847320387714288e-09}",177.1071531333513,1.905148083864891,12.959663124204344,"[0,1,2,3,4]","[3,4,7,23,27,32,43,44,60,96,109,114,116,122,130,146,163,177,178,179,183,190,195,197]",
59,data/raw/synthetic/vertical_outliers/test150322_200_50_01_2_0_5_-10_1.dat,vertical_outliers,200,49,7,30,0.15,300.0,0.0001,OPTIMAL,True,0.6252608801079305,0.6252608801079305,0.0,0.5034129619598389,1.0,"[0,1,2,3,4,7,45]","[3,4,7,23,27,32,43,44,60,66,88,89,96,109,111,114,116,121,122,130,134,146,163,177,178,179,183,190,195,197]",-0.2620616660981108,"{""0"":0.9999999981636242,""1"":1.0000000008995131,""2"":1.0000000002560194,""3"":0.9999999980876669,""4"":0.9999999946907814,""7"":-5.084419561481798e-10,""45"":-1.7196991125482055e-09}",125.05217653903703,1.905148083804376,12.95966313117688,"[0,1,2,3,4]","[3,4,7,23,27,32,43,44,60,96,109,114,116,122,130,146,163,177,178,179,183,190,195,197]",
60,data/raw/synthetic/vertical_outliers/test150322_200_50_01_2_0_5_-10_1.dat,vertical_outliers,200,49,7,40,0.20,300.0,0.0001,OPTIMAL,True,0.5255823162768607,0.5255823162768607,0.0,0.882166862487793,1.0,"[0,1,2,3,4,21,47]","[3,4,7,23,27,32,35,43,44,45,49,60,66,85,88,89,92,96,104,109,111,114,116,119,121,122,128,130,134,146,151,163,169,177,178,179,183,190,195,197]",-0.26206167052594664,"{""0"":1.0,""1"":0.999999998761754,""2"":0.9999999984829238,""3"":1.0,""4"":0.9999999985337761,""21"":4.957798695082103e-09,""47"":2.2041685737506167e-09}",105.11646482162519,1.9051480832597445,12.959663112613985,"[0,1,2,3,4]","[3,4,7,23,27,32,43,44,60,96,109,114,116,122,130,146,163,177,178,179,183,190,195,197]",
61,data/raw/synthetic/vertical_outliers/test150322_200_50_01_2_0_5_-10_1.dat,vertical_outliers,200,49,9,20,0.10,300.0,0.0001,OPTIMAL,True,0.8855357623987921,0.8855357623987921,0.0,0.5183320045471191,1.0,"[0,1,2,3,4,12,27,33,36]","[3,4,27,32,43,44,60,96,109,114,116,122,130,146,163,177,183,190,195,197]",-0.26206166809044473,"{""0"":1.0000000028140763,""1"":0.999999996097688,""2"":1.0000000003667515,""3"":1.0000000046245685,""4"":1.0000000056872416,""12"":0.0,""27"":-9.853450560436493e-10,""33"":4.579659987819193e-09,""36"":-3.2360285124295616e-09}",177.10715301647,1.9051480832155834,12.959663128956217,"[0,1,2,3,4]","[3,4,7,23,27,32,43,44,60,96,109,114,116,122,130,146,163,177,178,179,183,190,195,197]",
62,data/raw/synthetic/vertical_outliers/test150322_200_50_01_2_0_5_-10_1.dat,vertical_outliers,200,49,9,30,0.15,300.0,0.0001,OPTIMAL,True,0.625260881176704,0.625260881176704,0.0,0.6672279834747314,1.0,"[0,1,2,3,4,13,26,27,31]","[3,4,7,23,27,32,43,44,60,66,88,89,96,109,111,114,116,121,122,130,134,146,163,177,178,179,183,190,195,197]",-0.26206166529807323,"{""0"":0.9999999998788006,""1"":0.999999999432689,""2"":1.000000000904228,""3"":1.000000000438735,""4"":0.9999999982901903,""13"":1.2011156513835886e-09,""26"":1.458588028135921e-09,""27"":2.0499860142741966e-09,""31"":1.1881635120225553e-09}",125.05217636429381,1.9051480829389214,12.959663131733231,"[0,1,2,3,4]","[3,4,7,23,27,32,43,44,60,96,109,114,116,122,130,146,163,177,178,179,183,190,195,197]",
63,data/raw/synthetic/vertical_outliers/test150322_200_50_01_2_0_5_-10_1.dat,vertical_outliers,200,49,9,40,0.20,300.0,0.0001,OPTIMAL,True,0.5255822929190721,0.5255822929190721,0.0,1.6973841190338135,1053.0,"[0,1,2,3,4]","[3,4,7,23,27,32,35,43,44,45,49,60,66,85,88,89,92,96,104,109,111,114,116,119,121,122,128,130,134,146,151,163,169,177,178,179,183,190,195,197]",-0.26206166535998676,"{""0"":1.0,""1"":1.0,""2"":1.0,""3"":1.0,""4"":1.0}",105.11646486830195,1.90514808518,12.959663135542623,"[0,1,2,3,4]","[3,4,7,23,27,32,43,44,60,96,109,114,116,122,130,146,163,177,178,179,183,190,195,197]",
64,data/raw/synthetic/vertical_outliers/test150322_200_50_01_2_0_5_-10_2.dat,vertical_outliers,200,49,5,20,0.10,300.0,0.0001,OPTIMAL,True,0.9727874703804815,0.9727874689095373,1.512092106524731e-09,0.4983689785003662,1.0,"[0,1,2,3,4]","[10,11,24,34,43,49,50,66,70,71,74,83,108,117,143,150,169,185,197,198]",-0.9787469078275802,"{""0"":1.0000000010598888,""1"":1.0000000011169679,""2"":0.999999997649167,""3"":0.9999999971188608,""4"":1.0}",194.5574966436693,1.996376633880444,13.620691543346934,"[0,1,2,3,4]","[10,11,15,24,34,39,43,49,50,66,70,71,74,83,107,108,117,142,143,147,150,169,185,194,197,198]",
65,data/raw/synthetic/vertical_outliers/test150322_200_50_01_2_0_5_-10_2.dat,vertical_outliers,200,49,5,30,0.15,300.0,0.0001,OPTIMAL,True,0.665177885874126,0.665177885874126,0.0,0.42748498916625977,1.0,"[0,1,2,3,4]","[10,11,15,24,34,39,43,49,50,66,70,71,74,83,107,108,117,142,143,147,150,153,155,160,169,180,185,194,197,198]",-0.9787469084730691,"{""0"":1.0,""1"":1.000000002186962,""2"":1.0,""3"":1.00000000385005,""4"":0.9999999948454648}",133.03557812715576,1.9963766314186577,13.6206915230254,"[0,1,2,3,4]","[10,11,15,24,34,39,43,49,50,66,70,71,74,83,107,108,117,142,143,147,150,169,185,194,197,198]",
66,data/raw/synthetic/vertical_outliers/test150322_200_50_01_2_0_5_-10_2.dat,vertical_outliers,200,49,5,40,0.20,300.0,0.0001,OPTIMAL,True,0.5624853104218062,0.5624853104218062,0.0,0.6491708755493164,1.0,"[0,1,2,3,4]","[10,11,15,24,33,34,39,43,49,50,51,66,70,71,74,81,83,90,107,108,117,122,141,142,143,147,150,152,153,155,160,169,178,180,185,187,194,195,197,198]",-0.978746910741185,"{""0"":0.9999999979947463,""1"":0.9999999991496438,""2"":1.0000000016232795,""3"":0.9999999961632416,""4"":0.9999999952812485}",112.49706246080788,1.9963766311173954,13.620691534055572,"[0,1,2,3,4]","[10,11,15,24,34,39,43,49,50,66,70,71,74,83,107,108,117,142,143,147,150,169,185,194,197,198]",
67,data/raw/synthetic/vertical_outliers/test150322_200_50_01_2_0_5_-10_2.dat,vertical_outliers,200,49,7,20,0.10,300.0,0.0001,OPTIMAL,True,0.9727874795424896,0.9727874795424896,0.0,0.6114208698272705,1.0,"[0,1,2,3,4]","[10,11,24,34,43,49,50,66,70,71,74,83,108,117,143,150,169,185,197,198]",-0.9787469004076264,"{""0"":1.0000000027477614,""1"":0.99999999548981,""2"":0.9999999976957658,""3"":1.0000000126474928,""4"":0.9999999921122428}",194.55749709924538,1.996376636391377,13.620691561285007,"[0,1,2,3,4]","[10,11,15,24,34,39,43,49,50,66,70,71,74,83,107,108,117,142,143,147,150,169,185,194,197,198]",
68,data/raw/synthetic/vertical_outliers/test150322_200_50_01_2_0_5_-10_2.dat,vertical_outliers,200,49,7,30,0.15,300.0,0.0001,OPTIMAL,True,0.6651778500446248,0.6651778500446248,0.0,0.9201979637145996,1.0,"[0,1,2,3,4,32,39]","[10,11,15,24,34,39,43,49,50,66,70,71,74,83,107,108,117,142,143,147,150,153,155,160,169,180,185,194,197,198]",-0.9787469309474567,"{""0"":1.000000034728807,""1"":0.9999999652503382,""2"":0.9999999761959717,""3"":1.0,""4"":1.0,""32"":5.23350155560326e-08,""39"":3.519339884502327e-08}",133.0355768523128,1.9963766240516532,13.620691495492224,"[0,1,2,3,4]","[10,11,15,24,34,39,43,49,50,66,70,71,74,83,107,108,117,142,143,147,150,169,185,194,197,198]",
69,data/raw/synthetic/vertical_outliers/test150322_200_50_01_2_0_5_-10_2.dat,vertical_outliers,200,49,7,40,0.20,300.0,0.0001,OPTIMAL,True,0.5624853107571148,0.5624853107571148,0.0,0.6494390964508057,1.0,"[0,1,2,3,4,17,34]","[10,11,15,24,33,34,39,43,49,50,51,66,70,71,74,81,83,90,107,108,117,122,141,142,143,147,150,152,153,155,160,169,178,180,185,187,194,195,197,198]",-0.9787469072270721,"{""0"":1.0000000012935266,""1"":1.0000000012989994,""2"":0.9999999970050405,""3"":1.0000000012553258,""4"":1.0000000003404859,""17"":3.0574606912656474e-09,""34"":-2.523558916283665e-10}",112.49706268004968,1.996376632613276,13.620691546136285,"[0,1,2,3,4]","[10,11,15,24,34,39,43,49,50,66,70,71,74,83,107,108,117,142,143,147,150,169,185,194,197,198]",
70,data/raw/synthetic/vertical_outliers/test150322_200_50_01_2_0_5_-10_2.dat,vertical_outliers,200,49,9,20,0.10,300.0,0.0001,OPTIMAL,True,0.9727874791439532,0.9727874791439532,0.0,0.5703380107879639,1.0,"[0,1,2,3,4,25,38,41,44]","[10,11,24,34,43,49,50,66,70,71,74,83,108,117,143,150,169,185,197,198]",-0.9787469046073259,"{""0"":1.0000000007558725,""1"":1.0000000029135896,""2"":0.9999999973325107,""3"":0.999999999521775,""4"":1.0000000019613757,""25"":-8.412093363877472e-10,""38"":0.0,""41"":-1.2951130375204055e-09,""44"":-5.834623226841351e-10}",194.55749648969928,1.9963766332894748,13.620691542111818,"[0,1,2,3,4]","[10,11,15,24,34,39,43,49,50,66,70,71,74,83,107,108,117,142,143,147,150,169,185,194,197,198]",
71,data/raw/synthetic/vertical_outliers/test150322_200_50_01_2_0_5_-10_2.dat,vertical_outliers,200,49,9,30,0.15,300.0,0.0001,OPTIMAL,True,0.6651778857904063,0.6651778857904063,0.0,0.5068368911743164,1.0,"[0,1,2,3,4,14,23,41,46]","[10,11,15,24,34,39,43,49,50,66,70,71,74,83,107,108,117,142,143,147,150,153,155,160,169,180,185,194,197,198]",-0.9787469047242123,"{""0"":1.0,""1"":1.000000002977488,""2"":1.0000000027323381,""3"":0.9999999962197625,""4"":1.0000000046351296,""14"":-6.13142619242349e-09,""23"":-1.5842646712882885e-09,""41"":6.093626957202489e-09,""46"":8.965689557420093e-09}",133.0355778845625,1.9963766303875565,13.620691532173673,"[0,1,2,3,4]","[10,11,15,24,34,39,43,49,50,66,70,71,74,83,107,108,117,142,143,147,150,169,185,194,197,198]",
72,data/raw/synthetic/vertical_outliers/test150322_200_50_01_2_0_5_-10_2.dat,vertical_outliers,200,49,9,40,0.20,300.0,0.0001,OPTIMAL,True,0.5624853103878138,0.5624853103878138,0.0,0.45905303955078125,1.0,"[0,1,2,3,4,32,40,43,48]","[10,11,15,24,33,34,39,43,49,50,51,66,70,71,74,81,83,90,107,108,117,122,141,142,143,147,150,152,153,155,160,169,178,180,185,187,194,195,197,198]",-0.978746905574634,"{""0"":1.0000000001817724,""1"":0.9999999957452856,""2"":1.0,""3"":0.9999999985738941,""4"":1.0000000008193544,""32"":-5.696064798835553e-09,""40"":-2.7342971106976964e-10,""43"":-1.1206933811925092e-09,""48"":2.3927862167907854e-09}",112.49706266446051,1.9963766326647374,13.620691547338884,"[0,1,2,3,4]","[10,11,15,24,34,39,43,49,50,66,70,71,74,83,107,108,117,142,143,147,150,169,185,194,197,198]",
73,data/raw/synthetic/vertical_outliers/test150322_200_50_01_2_0_5_-10_3.dat,vertical_outliers,200,49,5,20,0.10,300.0,0.0001,OPTIMAL,True,0.7072111006284274,0.7072111006284274,0.0,0.6238589286804199,1.0,"[0,1,2,3,4]","[8,26,40,60,67,71,76,92,96,100,107,111,135,140,145,156,165,174,182,194]",-0.7315422860863489,"{""0"":0.9999999997211687,""1"":0.9999999978019615,""2"":0.9999999994088752,""3"":0.9999999985837218,""4"":1.0000000014472865}",141.44222019719638,1.7157648512470502,11.373033739916625,"[0,1,2,3,4]","[8,26,40,60,67,71,92,96,100,107,111,135,140,145,156,165,174,182,194]",
74,data/raw/synthetic/vertical_outliers/test150322_200_50_01_2_0_5_-10_3.dat,vertical_outliers,200,49,5,30,0.15,300.0,0.0001,OPTIMAL,True,0.5950700589588536,0.5950700589588536,0.0,2.4037129878997803,1.0,"[0,1,2,3,4]","[8,21,26,34,40,60,67,71,76,77,80,90,92,96,100,102,107,111,135,140,145,156,165,166,173,174,182,186,194,199]",-0.731542288067417,"{""0"":0.9999999970972125,""1"":1.0,""2"":1.0,""3"":0.9999999979773465,""4"":0.9999999962842531}",119.01401262158767,1.7157648521846907,11.373033739384017,"[0,1,2,3,4]","[8,26,40,60,67,71,92,96,100,107,111,135,140,145,156,165,174,182,194]",
75,data/raw/synthetic/vertical_outliers/test150322_200_50_01_2_0_5_-10_3.dat,vertical_outliers,200,49,5,40,0.20,300.0,0.0001,OPTIMAL,True,0.5171307523436077,0.5171307523436077,0.0,0.8612158298492432,1.0,"[0,1,2,3,4]","[6,8,21,23,26,34,40,46,55,58,60,67,71,76,77,80,81,90,92,95,96,100,102,107,110,111,135,140,145,148,149,156,165,166,173,174,182,186,194,199]",-0.731542284978318,"{""0"":1.0,""1"":1.0000000016252668,""2"":1.0,""3"":0.9999999989703894,""4"":1.0}",103.42615126641755,1.7157648527153702,11.373033748442383,"[0,1,2,3,4]","[8,26,40,60,67,71,92,96,100,107,111,135,140,145,156,165,174,182,194]",
76,data/raw/synthetic/vertical_outliers/test150322_200_50_01_2_0_5_-10_3.dat,vertical_outliers,200,49,7,20,0.10,300.0,0.0001,OPTIMAL,True,0.7072110997845691,0.7072110997845691,0.0,0.5348091125488281,1.0,"[0,1,2,3,4,31,47]","[8,26,40,60,67,71,76,92,96,100,107,111,135,140,145,156,165,174,182,194]",-0.731542286451533,"{""0"":1.0,""1"":1.0,""2"":1.0000000010438863,""3"":1.0,""4"":1.000000001044169,""31"":0.0,""47"":0.0}",141.44222054882087,1.7157648532266183,11.373033745456409,"[0,1,2,3,4]","[8,26,40,60,67,71,92,96,100,107,111,135,140,145,156,165,174,182,194]",
77,data/raw/synthetic/vertical_outliers/test150322_200_50_01_2_0_5_-10_3.dat,vertical_outliers,200,49,7,30,0.15,300.0,0.0001,OPTIMAL,True,0.5950700593654972,0.5950700593654972,0.0,0.48032498359680176,1.0,"[0,1,2,3,4,17,33]","[8,21,26,34,40,60,67,71,76,77,80,90,92,96,100,102,107,111,135,140,145,156,165,166,173,174,182,186,194,199]",-0.7315422850517929,"{""0"":1.0000000014099817,""1"":0.9999999987026968,""2"":0.9999999991220155,""3"":0.9999999960320295,""4"":0.9999999942641485,""17"":1.7584105925550392e-09,""33"":2.0604335768015034e-09}",119.01401234266311,1.7157648518821507,11.373033755699844,"[0,1,2,3,4]","[8,26,40,60,67,71,92,96,100,107,111,135,140,145,156,165,174,182,194]",
78,data/raw/synthetic/vertical_outliers/test150322_200_50_01_2_0_5_-10_3.dat,vertical_outliers,200,49,7,40,0.20,300.0,0.0001,OPTIMAL,True,0.5171307472644138,0.5171307472644138,0.0,0.49920010566711426,1.0,"[0,1,2,3,4,35,41]","[6,8,21,23,26,34,40,46,55,58,60,67,71,76,77,80,81,90,92,95,96,100,102,107,110,111,135,140,145,148,149,156,165,166,173,174,182,186,194,199]",-0.7315422796725479,"{""0"":0.9999999976514928,""1"":0.9999999998670175,""2"":1.0000000111837495,""3"":1.0000000097894424,""4"":1.0000000039655728,""35"":8.62364762242737e-10,""41"":6.108172637613914e-09}",103.42615125166796,1.7157648540544306,11.373033759459103,"[0,1,2,3,4]","[8,26,40,60,67,71,92,96,100,107,111,135,140,145,156,165,174,182,194]",
79,data/raw/synthetic/vertical_outliers/test150322_200_50_01_2_0_5_-10_3.dat,vertical_outliers,200,49,9,20,0.10,300.0,0.0001,OPTIMAL,True,0.7072110989221585,0.7072110989221585,0.0,0.4593210220336914,1.0,"[0,1,2,3,4,36,40,46,47]","[8,26,40,60,67,71,76,92,96,100,107,111,135,140,145,156,165,174,182,194]",-0.7315422932329418,"{""0"":1.0000000027889724,""1"":1.0000000044056787,""2"":0.9999999942914448,""3"":1.000000008236789,""4"":1.000000002157413,""36"":-3.002280165696836e-09,""40"":4.82095110032674e-09,""46"":-1.0431290348015198e-08,""47"":-6.680766034235539e-09}",141.44222048603834,1.715764853209439,11.373033755228017,"[0,1,2,3,4]","[8,26,40,60,67,71,92,96,100,107,111,135,140,145,156,165,174,182,194]",
80,data/raw/synthetic/vertical_outliers/test150322_200_50_01_2_0_5_-10_3.dat,vertical_outliers,200,49,9,30,0.15,300.0,0.0001,OPTIMAL,True,0.5950700586857707,0.5950700586857707,0.0,0.5768179893493652,1.0,"[0,1,2,3,4,5,24,31,48]","[8,21,26,34,40,60,67,71,76,77,80,90,92,96,100,102,107,111,135,140,145,156,165,166,173,174,182,186,194,199]",-0.7315422858120469,"{""0"":0.9999999926195091,""1"":0.999999995691462,""2"":1.0000000037760617,""3"":1.000000001212263,""4"":0.9999999961717199,""5"":-3.8889570369489905e-09,""24"":1.3199462069522626e-09,""31"":0.0,""48"":1.4546754550863596e-09}",119.01401236056685,1.7157648519423823,11.373033753528123,"[0,1,2,3,4]","[8,26,40,60,67,71,92,96,100,107,111,135,140,145,156,165,174,182,194]",
81,data/raw/synthetic/vertical_outliers/test150322_200_50_01_2_0_5_-10_3.dat,vertical_outliers,200,49,9,40,0.20,300.0,0.0001,OPTIMAL,True,0.517130748241108,0.517130748241108,0.0,0.6369349956512451,1.0,"[0,1,2,3,4,12,27,31,32]","[6,8,21,23,26,34,40,46,55,58,60,67,71,76,77,80,81,90,92,95,96,100,102,107,110,111,135,140,145,148,149,156,165,166,173,174,182,186,194,199]",-0.7315422845563402,"{""0"":1.0,""1"":0.999999998928751,""2"":1.0,""3"":1.0,""4"":1.0,""12"":0.0,""27"":1.4437165810251943e-09,""31"":0.0,""32"":-3.1821252637216523e-09}",103.42615125152358,1.715764852926328,11.373033745648364,"[0,1,2,3,4]","[8,26,40,60,67,71,92,96,100,107,111,135,140,145,156,165,174,182,194]",
