run_id,formulation,train_file,corruption_scheme,n_samples,n_features,d0,k0,k0_ratio,time_limit,mip_gap_target,status_name,solved_to_optimality,objective_value,best_bound,mip_gap,runtime_sec,node_count,selected_features,detected_outliers,estimated_z,selected_coefficients,train_lad_authentic,train_mae_all,train_mse_all,true_features,true_outliers,error_message
1,L,data/raw/synthetic/vertical_outliers/test150322_100_50_01_2_0_5_-10_1.dat,vertical_outliers,100,49,5,10,0.10,300.0,0.0001,OPTIMAL,True,0.6759481502040556,0.6759481502040556,0.0,0.8682491779327393,655.0,"[0,1,2,3,4]","[1,11,21,30,31,65,74,76,86,98]",-0.5890428083218429,"{""0"":1.1131706357238687,""1"":1.027323646883944,""2"":1.0287907504769758,""3"":0.9862230689215463,""4"":1.0981659181969752}",67.59481502040559,1.4153213212154856,7.4224588856955,"[0,1,2,3,4]","[11,21,30,65,74,76,98]",
2,L,data/raw/synthetic/vertical_outliers/test150322_100_50_01_2_0_5_-10_1.dat,vertical_outliers,100,49,5,15,0.15,300.0,0.0001,OPTIMAL,True,0.5816878965767287,0.5816878965767287,0.0,3.0486719608306885,2450.0,"[0,1,2,3,4]","[1,7,11,21,23,30,31,48,51,65,74,76,86,87,98]",-0.5953742362452147,"{""0"":1.115777399498992,""1"":1.0432037825214677,""2"":1.020453887906934,""3"":0.9744031490019314,""4"":1.1180665254640507}",57.87290998228654,1.4160200752517347,7.439663049030615,"[0,1,2,3,4]","[11,21,30,65,74,76,98]",
3,L,data/raw/synthetic/vertical_outliers/test150322_100_50_01_2_0_5_-10_1.dat,vertical_outliers,100,49,5,20,0.20,300.0,0.0001,OPTIMAL,True,0.49443872004643685,0.49443872004643685,0.0,2.3760600090026855,11425.0,"[0,1,2,3,4]","[1,7,11,21,23,30,31,33,47,48,51,61,65,74,76,85,86,87,89,98]",-0.6273082883887269,"{""0"":1.1122198621745782,""1"":1.0949684762040464,""2"":1.0699741424507438,""3"":0.9532155613027096,""4"":1.1751207096318583}",49.44387200464371,1.4242358370004553,7.525280948910162,"[0,1,2,3,4]","[11,21,30,65,74,76,98]",
4,L,data/raw/synthetic/vertical_outliers/test150322_100_50_01_2_0_5_-10_1.dat,vertical_outliers,100,49,7,10,0.10,300.0,0.0001,OPTIMAL,True,0.6247307962975717,0.6247307962975717,0.0,2.9235708713531494,6337.0,"[0,1,2,3,4,16,42]","[1,11,21,30,47,51,65,74,76,98]",-0.7992631517632471,"{""0"":0.9463980211025161,""1"":1.1744439713070003,""2"":1.0372097811935053,""3"":1.025939202797691,""4"":0.814729398081159,""16"":0.24702395066696273,""42"":-0.28051915804864047}",62.47307962975719,1.3403142580581362,6.899769076843657,"[0,1,2,3,4]","[11,21,30,65,74,76,98]",
5,L,data/raw/synthetic/vertical_outliers/test150322_100_50_01_2_0_5_-10_1.dat,vertical_outliers,100,49,7,15,0.15,300.0,0.0001,OPTIMAL,True,0.5320703106100189,0.5320703106100189,0.0,15.194082975387573,51536.0,"[0,1,2,3,4,6,21]","[1,7,11,21,23,30,47,48,51,61,65,74,76,86,98]",-0.5879000586218018,"{""0"":1.0071854228845873,""1"":1.1334521548511027,""2"":0.9209296869807362,""3"":1.1371081028199528,""4"":0.9867045539509826,""6"":-0.23161871426439626,""21"":-0.34964987873135417}",53.126909614274325,1.390397586919783,7.709730405015259,"[0,1,2,3,4]","[11,21,30,65,74,76,98]",
6,L,data/raw/synthetic/vertical_outliers/test150322_100_50_01_2_0_5_-10_1.dat,vertical_outliers,100,49,7,20,0.20,300.0,0.0001,OPTIMAL,True,0.4470027531259559,0.4470027531259559,0.0,100.51297688484192,349474.0,"[0,1,2,3,4,6,21]","[1,7,11,18,21,23,30,31,47,48,51,59,61,65,74,76,85,86,89,98]",-0.6439093452857994,"{""0"":1.058000914022681,""1"":1.0747499809440613,""2"":1.0543169370264254,""3"":1.1266611650948275,""4"":1.0400515733306113,""6"":-0.30539566981784383,""21"":-0.30877804675777}",43.98180296878047,1.3958837313363006,7.727353292356896,"[0,1,2,3,4]","[11,21,30,65,74,76,98]",
7,L,data/raw/synthetic/vertical_outliers/test150322_100_50_01_2_0_5_-10_1.dat,vertical_outliers,100,49,9,10,0.10,300.0,0.0001,OPTIMAL,True,0.5837194070866323,0.5837194070866323,0.0,16.274138927459717,35651.0,"[0,1,2,3,4,12,14,16,42]","[11,21,23,30,47,51,65,74,76,98]",-0.7358683293743356,"{""0"":0.9234189253407348,""1"":1.1283183575698195,""2"":0.9142747371274993,""3"":1.0510071853562273,""4"":0.7381160263122892,""12"":0.2592733787925607,""14"":-0.22184067389557793,""16"":0.24454259395132188,""42"":-0.22577464980523723}",57.92468781782928,1.2859840527731163,6.741090711170544,"[0,1,2,3,4]","[11,21,30,65,74,76,98]",
8,L,data/raw/synthetic/vertical_outliers/test150322_100_50_01_2_0_5_-10_1.dat,vertical_outliers,100,49,9,15,0.15,300.0,0.0001,OPTIMAL,True,0.4904218517724892,0.4904218517724892,0.0,161.3400330543518,450922.0,"[0,1,2,3,4,6,11,21,42]","[1,7,11,21,23,30,47,51,61,65,74,76,85,86,98]",-0.7851958827267881,"{""0"":0.9094382977219678,""1"":1.1749409991264286,""2"":0.9227236865646451,""3"":1.0459194447039317,""4"":0.9449252048122275,""6"":-0.23093677340334334,""11"":-0.14450343288145562,""21"":-0.29596146438235776,""42"":-0.29724233678213147}",48.73675591089544,1.3399987129782907,7.2952010445214714,"[0,1,2,3,4]","[11,21,30,65,74,76,98]",
9,L,data/raw/synthetic/vertical_outliers/test150322_100_50_01_2_0_5_-10_1.dat,vertical_outliers,100,49,9,20,0.20,300.0,0.0001,TIME_LIMIT,False,0.41185625182140173,0.33404394977090357,0.18893072936583918,300.01128911972046,603493.0,"[0,1,2,3,4,6,11,21,42]","[1,7,11,18,21,23,30,31,47,48,51,59,61,65,74,76,85,86,89,98]",-0.7844754031882273,"{""0"":0.9075627307844955,""1"":1.1731316496899704,""2"":0.9213218030473158,""3"":1.0440468333343416,""4"":0.9454403660152708,""6"":-0.23001599768035558,""11"":-0.14752777886185905,""21"":-0.2930330750193444,""42"":-0.29675299858334636}",39.67900520208822,1.340037641124041,7.29579870615122,"[0,1,2,3,4]","[11,21,30,65,74,76,98]",
10,L,data/raw/synthetic/vertical_outliers/test150322_100_50_01_2_0_5_-10_2.dat,vertical_outliers,100,49,5,10,0.10,300.0,0.0001,OPTIMAL,True,0.617599493031286,0.617599493031286,0.0,2.8491268157958984,3270.0,"[0,1,2,3,4]","[24,25,34,36,42,46,52,60,65,99]",0.5057957839835237,"{""0"":1.0014303087385532,""1"":0.8308431158723261,""2"":0.9666071105127919,""3"":0.8229511632936138,""4"":0.8564245099729831}",61.59462393250684,1.3907424945826075,8.090413973561844,"[0,1,2,3,4]","[24,25,34,46,60,65,99]",
11,L,data/raw/synthetic/vertical_outliers/test150322_100_50_01_2_0_5_-10_2.dat,vertical_outliers,100,49,5,15,0.15,300.0,0.0001,OPTIMAL,True,0.5211772869046251,0.5211772869046251,0.0,1.702760934829712,4230.0,"[0,1,2,3,4]","[12,23,24,25,34,36,42,46,52,60,65,78,82,92,99]",0.496207015211724,"{""0"":0.8697985261376675,""1"":0.7296703098063149,""2"":0.9608051140860533,""3"":0.6695874017877725,""4"":1.0592483353214015}",51.564107733391026,1.399542657274352,8.253128708905107,"[0,1,2,3,4]","[24,25,34,46,60,65,99]",
12,L,data/raw/synthetic/vertical_outliers/test150322_100_50_01_2_0_5_-10_2.dat,vertical_outliers,100,49,5,20,0.20,300.0,0.0001,OPTIMAL,True,0.4430881847242999,0.4430881847242999,0.0,3.7738380432128906,7148.0,"[0,1,2,3,4]","[12,16,20,21,23,24,25,33,34,36,42,46,52,60,65,78,79,82,92,99]",0.47986639940023385,"{""0"":0.9565881286434265,""1"":0.8686103081126608,""2"":0.9594092780230196,""3"":0.7899168398809586,""4"":0.8397163197716122}",44.14360166556993,1.386927309771288,8.02297643874745,"[0,1,2,3,4]","[24,25,34,46,60,65,99]",
13,L,data/raw/synthetic/vertical_outliers/test150322_100_50_01_2_0_5_-10_2.dat,vertical_outliers,100,49,7,10,0.10,300.0,0.0001,OPTIMAL,True,0.5726270568960148,0.5726270568960148,0.0,8.091551065444946,5366.0,"[0,1,2,3,4,16,37]","[24,25,34,36,42,46,60,65,82,99]",0.4566523864001236,"{""0"":1.0134702269418947,""1"":0.8792912292294495,""2"":0.9587664563285407,""3"":0.8289892602999829,""4"":0.9508798247395819,""16"":-0.25699421389664595,""37"":0.15662993887398458}",57.26270568960148,1.3605472957282914,8.375826164179353,"[0,1,2,3,4]","[24,25,34,46,60,65,99]",
14,L,data/raw/synthetic/vertical_outliers/test150322_100_50_01_2_0_5_-10_2.dat,vertical_outliers,100,49,7,15,0.15,300.0,0.0001,OPTIMAL,True,0.47248954576289687,0.47248954576289687,0.0,11.736255884170532,21438.0,"[0,1,2,3,4,16,37]","[12,23,24,25,34,36,42,46,52,60,65,78,82,92,99]",0.4003464680469741,"{""0"":1.0076696244778711,""1"":0.8871629218606746,""2"":0.9554217695157988,""3"":0.7786331873672334,""4"":1.004678661841755,""16"":-0.24326195847433163,""37"":0.21278865139654168}",47.145420763969796,1.3621525124718554,8.411902805299524,"[0,1,2,3,4]","[24,25,34,46,60,65,99]",
15,L,data/raw/synthetic/vertical_outliers/test150322_100_50_01_2_0_5_-10_2.dat,vertical_outliers,100,49,7,20,0.20,300.0,0.0001,OPTIMAL,True,0.39586323437276294,0.39586323437276294,0.0,41.099937915802,116228.0,"[0,1,2,3,4,16,37]","[12,16,20,21,23,24,25,33,34,36,42,46,52,60,65,78,79,82,92,99]",0.4637858737328664,"{""0"":0.9946062491843687,""1"":0.8831679887516792,""2"":0.9613090971614052,""3"":0.7912479774342571,""4"":0.9058220208612204,""16"":-0.24730952841596865,""37"":0.1901977680291334}",39.209114400328744,1.3615522636204707,8.38171449268652,"[0,1,2,3,4]","[24,25,34,46,60,65,99]",
16,L,data/raw/synthetic/vertical_outliers/test150322_100_50_01_2_0_5_-10_2.dat,vertical_outliers,100,49,9,10,0.10,300.0,0.0001,OPTIMAL,True,0.5419306652910059,0.5419306652910059,0.0,11.39133095741272,16519.0,"[0,1,2,3,4,25,34,39,43]","[24,25,34,36,42,46,52,60,65,99]",0.36294683161745306,"{""0"":1.1612457844895794,""1"":0.822277064820769,""2"":0.8129570356008313,""3"":0.8737522639308558,""4"":0.8718985161476965,""25"":-0.2768485010996847,""34"":0.2086848013108068,""39"":0.20409299978013495,""43"":-0.18187238050808532}",54.17141942956932,1.3298038053340553,8.297397229124934,"[0,1,2,3,4]","[24,25,34,46,60,65,99]",
17,L,data/raw/synthetic/vertical_outliers/test150322_100_50_01_2_0_5_-10_2.dat,vertical_outliers,100,49,9,15,0.15,300.0,0.0001,OPTIMAL,True,0.4436443130411601,0.4436443130411601,0.0,51.813697814941406,135632.0,"[0,1,2,3,4,16,37,46,47]","[12,23,24,25,34,36,42,46,52,60,65,78,79,82,99]",0.5061338996964344,"{""0"":0.8638621397599255,""1"":0.8711275948965738,""2"":0.9864095958730199,""3"":0.7749578835832241,""4"":0.9250648181211358,""16"":-0.21664835954755857,""37"":0.20378766684509692,""46"":-0.20565870792671456,""47"":-0.17489447214868162}",44.36443130411603,1.350989542883629,8.539501912182661,"[0,1,2,3,4]","[24,25,34,46,60,65,99]",
18,L,data/raw/synthetic/vertical_outliers/test150322_100_50_01_2_0_5_-10_2.dat,vertical_outliers,100,49,9,20,0.20,300.0,0.0001,OPTIMAL,True,0.36264725201637954,0.36264725201637954,0.0,195.17979502677917,618448.0,"[0,1,2,3,4,16,37,46,47]","[12,16,20,21,23,24,25,33,34,36,42,46,52,60,65,78,79,82,92,99]",0.5139868642088369,"{""0"":0.8663556068046783,""1"":0.8770080678346507,""2"":0.9787976639141881,""3"":0.7701604218290184,""4"":0.9017281751393558,""16"":-0.2342279951732738,""37"":0.18893955450215139,""46"":-0.21894076507205154,""47"":-0.17951815628263657}",36.130332832368474,1.3515336478601814,8.5550308976722,"[0,1,2,3,4]","[24,25,34,46,60,65,99]",
19,L,data/raw/synthetic/vertical_outliers/test150322_100_50_01_2_0_5_-10_3.dat,vertical_outliers,100,49,5,10,0.10,300.0,0.0001,OPTIMAL,True,0.6447074578300945,0.6447074578300945,0.0,1.1092240810394287,1396.0,"[0,1,2,3,4]","[18,24,42,44,47,69,82,83,95,97]",0.9996219206475054,"{""0"":1.2400702967792145,""1"":0.807735339333992,""2"":1.2234509560948823,""3"":1.1671086581921233,""4"":1.0404206994640248}",64.47074578300948,1.620968839752031,10.509571968777998,"[0,1,2,3,4]","[18,24,42,44,47,69,82,83,95,97]",
20,L,data/raw/synthetic/vertical_outliers/test150322_100_50_01_2_0_5_-10_3.dat,vertical_outliers,100,49,5,15,0.15,300.0,0.0001,OPTIMAL,True,0.5334210404483837,0.5334210404483837,0.0,1.9145121574401855,3310.0,"[0,1,2,3,4]","[2,4,18,24,42,44,47,65,69,73,75,82,83,95,97]",0.9965773061759444,"{""0"":1.2391789207676773,""1"":0.8029847562948915,""2"":1.2253262403915395,""3"":1.1654794741547418,""4"":1.037545635975772}",52.432915854314984,1.6208250807334574,10.506702801319923,"[0,1,2,3,4]","[18,24,42,44,47,69,82,83,95,97]",
21,L,data/raw/synthetic/vertical_outliers/test150322_100_50_01_2_0_5_-10_3.dat,vertical_outliers,100,49,5,20,0.20,300.0,0.0001,OPTIMAL,True,0.450014421862294,0.450014421862294,0.0,2.156951904296875,3062.0,"[0,1,2,3,4]","[1,2,4,6,18,21,24,42,44,46,47,65,69,73,75,80,82,83,95,97]",1.064932046499388,"{""0"":1.193978853255866,""1"":0.7205154008347603,""2"":1.240828288735652,""3"":1.0733943718425907,""4"":0.8701923475286193}",44.65992049280288,1.6287603536063608,10.623854198702773,"[0,1,2,3,4]","[18,24,42,44,47,69,82,83,95,97]",
22,L,data/raw/synthetic/vertical_outliers/test150322_100_50_01_2_0_5_-10_3.dat,vertical_outliers,100,49,7,10,0.10,300.0,0.0001,OPTIMAL,True,0.589140905786474,0.589140905786474,0.0,2.060810089111328,2467.0,"[0,1,2,3,4,35,38]","[18,24,42,44,47,69,82,83,95,97]",1.1343046452858263,"{""0"":1.0913807693487434,""1"":0.8035724286006984,""2"":1.2326047964641866,""3"":1.0631365369729786,""4"":0.8942792070410948,""35"":0.2723546061864366,""38"":-0.21084087905706525}",58.91409057864745,1.562700733577421,10.332531083939443,"[0,1,2,3,4]","[18,24,42,44,47,69,82,83,95,97]",
23,L,data/raw/synthetic/vertical_outliers/test150322_100_50_01_2_0_5_-10_3.dat,vertical_outliers,100,49,7,15,0.15,300.0,0.0001,OPTIMAL,True,0.47782390195434743,0.47782390195434743,0.0,7.189615964889526,7052.0,"[0,1,2,3,4,35,38]","[2,18,21,24,42,44,47,65,69,73,75,82,83,95,97]",1.1317305134196973,"{""0"":1.075955217707148,""1"":0.8060947972696376,""2"":1.229126072052976,""3"":1.053133317694967,""4"":0.8949799133543176,""35"":0.27560519681669443,""38"":-0.21450233969909605}",47.65235892321004,1.562121782086994,10.318803653083584,"[0,1,2,3,4]","[18,24,42,44,47,69,82,83,95,97]",
24,L,data/raw/synthetic/vertical_outliers/test150322_100_50_01_2_0_5_-10_3.dat,vertical_outliers,100,49,7,20,0.20,300.0,0.0001,OPTIMAL,True,0.39788137768367526,0.39788137768367526,0.0,19.54465889930725,45839.0,"[0,1,2,3,4,35,38]","[2,4,18,21,24,42,44,46,47,51,65,69,73,75,80,82,83,85,95,97]",1.1238536430142227,"{""0"":1.161526646503709,""1"":0.7910630489566941,""2"":1.2173450493577078,""3"":1.1436508561569079,""4"":0.9393886415137801,""35"":0.27254834263425026,""38"":-0.2249851472586749}",38.80782881050389,1.5678820773844748,10.40220540523549,"[0,1,2,3,4]","[18,24,42,44,47,69,82,83,95,97]",
25,L,data/raw/synthetic/vertical_outliers/test150322_100_50_01_2_0_5_-10_3.dat,vertical_outliers,100,49,9,10,0.10,300.0,0.0001,OPTIMAL,True,0.5512991840588009,0.5512991840588009,0.0,7.185451030731201,5873.0,"[0,1,2,3,4,12,33,35,38]","[18,24,42,44,47,69,82,83,95,97]",1.062991683177209,"{""0"":1.182746253848326,""1"":0.748857973608437,""2"":1.3010060913716914,""3"":1.0869580173750615,""4"":0.9498877356280025,""12"":-0.2078673820993119,""33"":0.2238432625700527,""35"":0.30297754805355814,""38"":-0.2637770871363667}",55.12991840588023,1.4981908441275131,9.821801694665098,"[0,1,2,3,4]","[18,24,42,44,47,69,82,83,95,97]",
26,L,data/raw/synthetic/vertical_outliers/test150322_100_50_01_2_0_5_-10_3.dat,vertical_outliers,100,49,9,15,0.15,300.0,0.0001,OPTIMAL,True,0.43886747223928535,0.43886747223928535,0.0,12.927685022354126,18255.0,"[0,1,2,3,4,33,35,38,43]","[2,4,18,24,42,44,47,65,69,73,75,82,83,95,97]",1.040154738102869,"{""0"":1.1737913486273333,""1"":0.7430258649903962,""2"":1.206657699253935,""3"":1.183025741573371,""4"":0.9464858435893665,""33"":0.21521936409664644,""35"":0.1803934319198885,""38"":-0.26733917396171647,""43"":-0.21504916741389674}",43.317233120879706,1.5209422510988089,10.142923791741751,"[0,1,2,3,4]","[18,24,42,44,47,69,82,83,95,97]",
27,L,data/raw/synthetic/vertical_outliers/test150322_100_50_01_2_0_5_-10_3.dat,vertical_outliers,100,49,9,20,0.20,300.0,0.0001,OPTIMAL,True,0.3605939610114187,0.3605939610114187,0.0,105.33428502082825,249768.0,"[0,1,2,3,4,33,35,38,43]","[2,3,4,18,21,24,42,44,46,47,65,69,73,75,80,82,83,85,95,97]",0.9863633671133314,"{""0"":1.1807768659790303,""1"":0.7380510633451371,""2"":1.1498644513568332,""3"":1.1151525035238476,""4"":0.9752461607758194,""33"":0.23671912339890497,""35"":0.19256933683647318,""38"":-0.3033005310433852,""43"":-0.21163045179565182}",35.64063630569507,1.5150220684657818,10.024589880575437,"[0,1,2,3,4]","[18,24,42,44,47,69,82,83,95,97]",
28,L,data/raw/synthetic/vertical_outliers/test150322_150_50_01_2_0_5_-10_1.dat,vertical_outliers,150,49,5,15,0.10,300.0,0.0001,OPTIMAL,True,0.7405533987863138,0.7405533987863138,0.0,1.1704211235046387,237.0,"[0,1,2,3,4]","[8,10,12,19,33,39,45,50,65,69,72,74,77,87,107]",-2.342386868408127,"{""0"":1.0651168100603663,""1"":0.9690019373180411,""2"":1.044497420514598,""3"":1.0155403082883294,""4"":1.014348992687381}",111.0830098179471,1.7705685971611722,12.038296616856002,"[0,1,2,3,4]","[8,10,12,19,33,39,45,50,65,69,72,74,77,85,87,107]",
29,L,data/raw/synthetic/vertical_outliers/test150322_150_50_01_2_0_5_-10_1.dat,vertical_outliers,150,49,5,23,0.15,300.0,0.0001,OPTIMAL,True,0.5747579957746054,0.5747579957746054,0.0,1.3050930500030518,971.0,"[0,1,2,3,4]","[8,10,12,15,18,19,21,33,39,44,45,49,50,65,69,70,72,74,77,85,87,107,131]",-2.338388137961475,"{""0"":1.0697512026334528,""1"":0.9725196027902755,""2"":1.045023675509507,""3"":1.0142914612155312,""4"":1.0166481155809644}",86.09873334439031,1.771414966095744,12.054661158457183,"[0,1,2,3,4]","[8,10,12,19,33,39,45,50,65,69,72,74,77,85,87,107]",
30,L,data/raw/synthetic/vertical_outliers/test150322_150_50_01_2_0_5_-10_1.dat,vertical_outliers,150,49,5,30,0.20,300.0,0.0001,OPTIMAL,True,0.4956561380795902,0.4956561380795902,0.0,8.909013986587524,10074.0,"[0,1,2,3,4]","[3,8,10,12,15,18,19,21,33,39,44,45,49,50,55,59,62,65,69,70,72,74,77,83,85,87,106,107,130,131]",-2.369089580184793,"{""0"":1.0199697805270969,""1"":0.9302742818057718,""2"":1.0324017033282042,""3"":1.021329575360618,""4"":1.0086707448372147}",74.25723708327251,1.767289486892729,11.944840857161362,"[0,1,2,3,4]","[8,10,12,19,33,39,45,50,65,69,72,74,77,85,87,107]",
31,L,data/raw/synthetic/vertical_outliers/test150322_150_50_01_2_0_5_-10_1.dat,vertical_outliers,150,49,7,15,0.10,300.0,0.0001,OPTIMAL,True,0.684902300207481,0.684902300207481,0.0,11.017721891403198,5511.0,"[0,1,2,3,4,30,39]","[8,10,12,19,33,39,45,50,65,69,72,74,77,87,107]",-2.3764362354129904,"{""0"":1.205204852093179,""1"":1.0956168954542043,""2"":1.1326509489970744,""3"":1.0573583598533385,""4"":0.9401439942472746,""30"":-0.27265361777412034,""39"":-0.3657795875717601}",102.73534503112218,1.7189946190919696,12.052190599277504,"[0,1,2,3,4]","[8,10,12,19,33,39,45,50,65,69,72,74,77,85,87,107]",
32,L,data/raw/synthetic/vertical_outliers/test150322_150_50_01_2_0_5_-10_1.dat,vertical_outliers,150,49,7,23,0.15,300.0,0.0001,OPTIMAL,True,0.5271927147531361,0.5271927147531361,0.0,18.134954929351807,24382.0,"[0,1,2,3,4,30,39]","[8,10,12,15,18,19,21,33,39,44,45,50,65,69,72,74,77,85,87,106,107,130,131]",-2.357872822455143,"{""0"":1.1843591785103595,""1"":0.9777431480507478,""2"":1.099091906481067,""3"":1.0178639403307013,""4"":0.9484603373954116,""30"":-0.25019861550760036,""39"":-0.3360057725923237}",78.45021283028653,1.7210148300766916,12.048385727230306,"[0,1,2,3,4]","[8,10,12,19,33,39,45,50,65,69,72,74,77,85,87,107]",
33,L,data/raw/synthetic/vertical_outliers/test150322_150_50_01_2_0_5_-10_1.dat,vertical_outliers,150,49,7,30,0.20,300.0,0.0001,OPTIMAL,True,0.45106635584151916,0.45106635584151916,0.0,214.1866750717163,455257.0,"[0,1,2,3,4,30,39]","[0,8,10,12,15,18,19,21,33,39,44,45,49,50,59,65,69,70,72,74,77,83,85,87,106,107,130,131,139,140]",-2.350869487981382,"{""0"":1.193583796671085,""1"":0.9926020697121958,""2"":1.094355105403517,""3"":1.0594773168245262,""4"":0.9936598205231721,""30"":-0.26547058365052745,""39"":-0.3119569277503338}",66.90664408190045,1.7252239458582892,12.127142252743855,"[0,1,2,3,4]","[8,10,12,19,33,39,45,50,65,69,72,74,77,85,87,107]",
34,L,data/raw/synthetic/vertical_outliers/test150322_150_50_01_2_0_5_-10_1.dat,vertical_outliers,150,49,9,15,0.10,300.0,0.0001,OPTIMAL,True,0.6493512806870858,0.6493512806870858,0.0,20.26377296447754,16811.0,"[0,1,2,3,4,9,11,30,39]","[8,10,12,19,33,39,45,50,65,69,72,74,77,87,107]",-2.4105289673326524,"{""0"":1.0707525414843806,""1"":1.104056115226231,""2"":1.0632006189199863,""3"":1.0999935870708213,""4"":0.9557073953702098,""9"":0.1484812142252889,""11"":0.31537588630742186,""30"":-0.3225528082848426,""39"":-0.26046059703792723}",97.40269210306289,1.681966599526484,12.043400199793071,"[0,1,2,3,4]","[8,10,12,19,33,39,45,50,65,69,72,74,77,85,87,107]",
35,L,data/raw/synthetic/vertical_outliers/test150322_150_50_01_2_0_5_-10_1.dat,vertical_outliers,150,49,9,23,0.15,300.0,0.0001,OPTIMAL,True,0.4930483013212615,0.4930483013212615,0.0,86.80437207221985,140521.0,"[0,1,2,3,4,9,11,30,39]","[8,10,12,15,19,21,33,39,45,49,50,59,65,69,72,74,77,85,87,106,107,130,131]",-2.4155680090116682,"{""0"":1.0771209813955986,""1"":1.0863956103560335,""2"":1.0562353699808917,""3"":1.10780172718017,""4"":0.9601286528858979,""9"":0.16794919042378512,""11"":0.31021575116515593,""30"":-0.30775628708137404,""39"":-0.25027532737554337}",72.91356472712248,1.682198135590651,12.03322237897788,"[0,1,2,3,4]","[8,10,12,19,33,39,45,50,65,69,72,74,77,85,87,107]",
36,L,data/raw/synthetic/vertical_outliers/test150322_150_50_01_2_0_5_-10_1.dat,vertical_outliers,150,49,9,30,0.20,300.0,0.0001,TIME_LIMIT,False,0.4152497484661727,0.38371383772712003,0.07594444272522334,300.03257513046265,597449.0,"[0,1,2,3,4,9,11,30,39]","[0,8,10,12,15,18,19,21,33,39,44,45,49,50,54,59,65,69,72,74,77,83,85,87,95,106,107,130,131,140]",-2.385028355007983,"{""0"":1.0656368267310972,""1"":1.0330792948057246,""2"":1.0697236066926838,""3"":1.111819920225865,""4"":0.9974302915125507,""9"":0.14655523718411811,""11"":0.27489517917245676,""30"":-0.2977728821508996,""39"":-0.27113727174160696}",61.182506620122645,1.687547083647873,12.10599078618885,"[0,1,2,3,4]","[8,10,12,19,33,39,45,50,65,69,72,74,77,85,87,107]",
37,L,data/raw/synthetic/vertical_outliers/test150322_150_50_01_2_0_5_-10_2.dat,vertical_outliers,150,49,5,15,0.10,300.0,0.0001,OPTIMAL,True,0.6958161953258173,0.6958161953258173,0.0,0.9719438552856445,242.0,"[0,1,2,3,4]","[8,18,20,24,27,28,59,62,79,97,98,99,108,124,139]",-0.8839623156350044,"{""0"":1.155628532672675,""1"":0.9099537407489118,""2"":0.9692336741310534,""3"":0.9473423183126805,""4"":0.9440470220880561}",104.37242929887267,1.5323555887234355,8.798552740934754,"[0,1,2,3,4]","[8,18,20,24,27,28,62,79,98,108,124,139]",
38,L,data/raw/synthetic/vertical_outliers/test150322_150_50_01_2_0_5_-10_2.dat,vertical_outliers,150,49,5,23,0.15,300.0,0.0001,OPTIMAL,True,0.5875709613510843,0.5875709613510843,0.0,3.3143930435180664,7546.0,"[0,1,2,3,4]","[8,18,20,24,27,28,36,37,54,59,62,64,78,79,87,97,98,99,108,124,126,135,139]",-0.8834197784454426,"{""0"":1.159370429326069,""1"":0.8934343222814579,""2"":0.9581700890414419,""3"":0.9510491606471195,""4"":0.9523958622638485}",88.12245016792266,1.5328401208396671,8.809836725047472,"[0,1,2,3,4]","[8,18,20,24,27,28,62,79,98,108,124,139]",
39,L,data/raw/synthetic/vertical_outliers/test150322_150_50_01_2_0_5_-10_2.dat,vertical_outliers,150,49,5,30,0.20,300.0,0.0001,OPTIMAL,True,0.5080096691625058,0.5080096691625058,0.0,15.736909866333008,39761.0,"[0,1,2,3,4]","[4,8,18,20,22,24,26,27,28,36,37,54,59,62,64,72,78,79,80,87,96,97,98,99,108,111,124,126,135,139]",-0.8659827064346259,"{""0"":1.1450744470511185,""1"":0.9855039039060429,""2"":1.033165489106815,""3"":0.9206546562261553,""4"":0.9188765496060656}",76.20145037437587,1.5343580023177659,8.811558255947444,"[0,1,2,3,4]","[8,18,20,24,27,28,62,79,98,108,124,139]",
40,L,data/raw/synthetic/vertical_outliers/test150322_150_50_01_2_0_5_-10_2.dat,vertical_outliers,150,49,7,15,0.10,300.0,0.0001,OPTIMAL,True,0.6741579803807973,0.6741579803807973,0.0,8.933427810668945,5621.0,"[0,1,2,3,4,10,34]","[8,18,20,24,27,28,54,62,79,97,98,99,108,124,139]",-0.8214526240279393,"{""0"":1.2290688395672182,""1"":0.890057959094952,""2"":0.9913628032743806,""3"":0.8656207500907054,""4"":0.8711218430399621,""10"":0.18744171839881307,""34"":0.16892691609366478}",100.68680542585498,1.5097529674129941,8.882036034009008,"[0,1,2,3,4]","[8,18,20,24,27,28,62,79,98,108,124,139]",
41,L,data/raw/synthetic/vertical_outliers/test150322_150_50_01_2_0_5_-10_2.dat,vertical_outliers,150,49,7,23,0.15,300.0,0.0001,OPTIMAL,True,0.5649335885803417,0.5649335885803417,0.0,84.2494969367981,181286.0,"[0,1,2,3,4,16,19]","[8,18,20,22,24,27,28,36,37,54,59,62,64,78,79,87,97,98,99,108,124,135,139]",-0.8804199363985353,"{""0"":1.2272306230329473,""1"":0.8771375928795788,""2"":0.9052791256331932,""3"":0.8653132343948877,""4"":0.8999696365248218,""16"":-0.19172503243467912,""19"":-0.1734312243124609}",84.0375721985233,1.5163891334895885,8.841926974437738,"[0,1,2,3,4]","[8,18,20,24,27,28,62,79,98,108,124,139]",
42,L,data/raw/synthetic/vertical_outliers/test150322_150_50_01_2_0_5_-10_2.dat,vertical_outliers,150,49,7,30,0.20,300.0,0.0001,TIME_LIMIT,False,0.48809055933995465,0.4400766264260255,0.09837095185544753,300.0108230113983,471313.0,"[0,1,2,3,4,16,19]","[4,8,18,20,22,24,26,27,28,36,37,42,54,59,62,64,72,78,79,87,92,96,97,98,99,108,124,126,135,139]",-0.8804459805448792,"{""0"":1.2271449941747534,""1"":0.8772393457465699,""2"":0.9054085065301741,""3"":0.8651307527655032,""4"":0.8998060299718822,""16"":-0.1916726588681712,""19"":-0.173547189805001}",72.50255301638924,1.5163893263390849,8.84183086144024,"[0,1,2,3,4]","[8,18,20,24,27,28,62,79,98,108,124,139]",
43,L,data/raw/synthetic/vertical_outliers/test150322_150_50_01_2_0_5_-10_2.dat,vertical_outliers,150,49,9,15,0.10,300.0,0.0001,OPTIMAL,True,0.6557280278528466,0.6557280278528466,0.0,16.874317169189453,15925.0,"[0,1,2,3,4,10,23,33,34]","[8,18,20,24,27,28,54,62,79,97,98,99,108,124,139]",-0.9096996821889588,"{""0"":1.2203724923249835,""1"":0.8702816346805047,""2"":0.932461996198601,""3"":0.9078103956178887,""4"":0.875761520936409,""10"":0.21145032608294953,""23"":0.13434924301412146,""33"":0.14228526418541682,""34"":0.16828362861895121}",97.79791677168811,1.4844713102469485,8.72895903581488,"[0,1,2,3,4]","[8,18,20,24,27,28,62,79,98,108,124,139]",
44,L,data/raw/synthetic/vertical_outliers/test150322_150_50_01_2_0_5_-10_2.dat,vertical_outliers,150,49,9,23,0.15,300.0,0.0001,TIME_LIMIT,False,0.5442557170757629,0.5264460073440896,0.032723054940723924,300.0129520893097,575342.0,"[0,1,2,3,4,16,19,31,46]","[8,18,20,24,27,28,36,37,54,59,62,64,78,79,87,97,98,99,108,124,126,135,139]",-0.7837240398738643,"{""0"":1.1904159405441361,""1"":0.8973733619562002,""2"":0.9446659431318287,""3"":0.8511476116438526,""4"":0.8981809442498879,""16"":-0.21734782493025678,""19"":-0.24364976918833878,""31"":0.10085754054869239,""46"":-0.147177402337715}",80.60279671592644,1.506873440256658,8.954542017493562,"[0,1,2,3,4]","[8,18,20,24,27,28,62,79,98,108,124,139]",
45,L,data/raw/synthetic/vertical_outliers/test150322_150_50_01_2_0_5_-10_2.dat,vertical_outliers,150,49,9,30,0.20,300.0,0.0001,TIME_LIMIT,False,0.4707939985561481,0.39365299465588005,0.16385298907132953,300.0257730484009,150102.0,"[0,1,2,3,4,10,19,21,46]","[8,18,20,22,24,26,27,28,36,37,42,54,59,62,64,72,78,79,80,87,89,92,96,97,98,99,108,124,135,139]",-0.8417907546378989,"{""0"":1.2838269822149562,""1"":0.8941663662387754,""2"":1.0110561794861148,""3"":0.7665901599271784,""4"":0.8250516119985928,""10"":0.09774306490170226,""19"":-0.1833420332354461,""21"":-0.13432236077312126,""46"":-0.1389273699593126}",69.4718694420043,1.5022862870239797,8.912469755684503,"[0,1,2,3,4]","[8,18,20,24,27,28,62,79,98,108,124,139]",
46,L,data/raw/synthetic/vertical_outliers/test150322_150_50_01_2_0_5_-10_3.dat,vertical_outliers,150,49,5,15,0.10,300.0,0.0001,OPTIMAL,True,0.8133122873402361,0.8133122873402361,0.0,5.600535154342651,3935.0,"[0,1,2,3,4]","[14,35,62,66,79,89,105,106,112,115,118,119,127,130,131]",-0.829735284331692,"{""0"":0.9368720788889763,""1"":0.9831134282797042,""2"":1.1100375376698814,""3"":1.0653651508977844,""4"":0.9995203696969931}",121.99684310103545,1.8000858467762362,11.52547724928679,"[0,1,2,3,4]","[14,35,55,62,66,79,89,105,106,110,112,115,118,119,127,130,131]",
47,L,data/raw/synthetic/vertical_outliers/test150322_150_50_01_2_0_5_-10_3.dat,vertical_outliers,150,49,5,23,0.15,300.0,0.0001,OPTIMAL,True,0.6103770495022351,0.6103770495022351,0.0,2.9236130714416504,2372.0,"[0,1,2,3,4]","[0,14,21,24,35,55,58,62,66,79,89,105,106,110,112,115,118,119,127,130,131,138,147]",-0.8024146218963271,"{""0"":0.9365495879826823,""1"":0.9712700074989676,""2"":1.1132324430057445,""3"":1.0709441438210505,""4"":1.016550137685714}",91.55655742533527,1.8047749434090932,11.617498547779984,"[0,1,2,3,4]","[14,35,55,62,66,79,89,105,106,110,112,115,118,119,127,130,131]",
48,L,data/raw/synthetic/vertical_outliers/test150322_150_50_01_2_0_5_-10_3.dat,vertical_outliers,150,49,5,30,0.20,300.0,0.0001,OPTIMAL,True,0.5228436557651419,0.5228436557651419,0.0,8.44028902053833,10481.0,"[0,1,2,3,4]","[0,14,21,24,27,34,35,55,58,62,66,70,77,79,89,96,102,105,106,110,112,115,118,119,127,130,131,138,139,147]",-0.8397084951312757,"{""0"":1.022513042618049,""1"":0.9870109437343589,""2"":1.058415336947559,""3"":1.0759144707504744,""4"":1.0519442685051674}",78.42654836477129,1.8010450662072048,11.5496995288537,"[0,1,2,3,4]","[14,35,55,62,66,79,89,105,106,110,112,115,118,119,127,130,131]",
49,L,data/raw/synthetic/vertical_outliers/test150322_150_50_01_2_0_5_-10_3.dat,vertical_outliers,150,49,7,15,0.10,300.0,0.0001,OPTIMAL,True,0.769213480246166,0.769213480246166,0.0,17.095650911331177,18295.0,"[0,1,2,3,4,11,29]","[14,35,62,66,79,89,105,106,112,115,118,119,127,130,131]",-0.9061927365822681,"{""0"":0.8837912995841826,""1"":1.019818142610116,""2"":1.1825726477104817,""3"":0.9866299164655754,""4"":0.9360627172072159,""11"":-0.1736596073523638,""29"":-0.42216189756596967}",115.38202203692494,1.7211231755714869,10.778029128769449,"[0,1,2,3,4]","[14,35,55,62,66,79,89,105,106,110,112,115,118,119,127,130,131]",
50,L,data/raw/synthetic/vertical_outliers/test150322_150_50_01_2_0_5_-10_3.dat,vertical_outliers,150,49,7,23,0.15,300.0,0.0001,OPTIMAL,True,0.5765092159957993,0.5765092159957993,0.0,23.58020782470703,33785.0,"[0,1,2,3,4,11,33]","[14,24,35,55,58,62,66,79,89,102,105,106,110,112,115,118,119,127,130,131,138,139,147]",-0.8772608721936525,"{""0"":0.8633419065945362,""1"":0.9327147702769766,""2"":1.0831266456448367,""3"":1.025694755025325,""4"":0.9995633455959887,""11"":-0.19089623824935495,""33"":-0.22299433611174246}",86.3868899896266,1.7699251190455678,11.525213964709398,"[0,1,2,3,4]","[14,35,55,62,66,79,89,105,106,110,112,115,118,119,127,130,131]",
51,L,data/raw/synthetic/vertical_outliers/test150322_150_50_01_2_0_5_-10_3.dat,vertical_outliers,150,49,7,30,0.20,300.0,0.0001,TIME_LIMIT,False,0.48759150739887935,0.46970191530607003,0.036689712231133174,300.0069680213928,664996.0,"[0,1,2,3,4,11,44]","[0,14,21,27,34,35,55,58,62,66,70,77,79,83,89,96,102,105,106,110,112,115,118,119,127,130,131,138,139,147]",-0.9374528301104539,"{""0"":0.9991950632853254,""1"":0.9809195471523028,""2"":1.0164049362997756,""3"":1.0042108174021205,""4"":0.9357061067857104,""11"":-0.19846957607041738,""44"":0.2892718752341455}",72.70415309941934,1.7682894866009458,11.39775862955619,"[0,1,2,3,4]","[14,35,55,62,66,79,89,105,106,110,112,115,118,119,127,130,131]",
52,L,data/raw/synthetic/vertical_outliers/test150322_150_50_01_2_0_5_-10_3.dat,vertical_outliers,150,49,9,15,0.10,300.0,0.0001,OPTIMAL,True,0.7486866876353332,0.7486866876353332,0.0,113.5962061882019,165847.0,"[0,1,2,3,4,11,27,29,46]","[14,35,62,66,79,89,105,106,112,115,118,119,127,130,131]",-0.8712316995105992,"{""0"":0.878346951463787,""1"":0.9969930393743139,""2"":1.167354553485376,""3"":1.0520893080097096,""4"":0.9354694934924328,""11"":-0.13597644935518638,""27"":0.12819312449689418,""29"":-0.3336162571423314,""46"":0.1031777074866188}",112.30300314530001,1.6994605373917504,10.725706213895277,"[0,1,2,3,4]","[14,35,55,62,66,79,89,105,106,110,112,115,118,119,127,130,131]",
53,L,data/raw/synthetic/vertical_outliers/test150322_150_50_01_2_0_5_-10_3.dat,vertical_outliers,150,49,9,23,0.15,300.0,0.0001,OPTIMAL,True,0.5561796436131647,0.5561796436131647,0.0,133.1308400630951,243672.0,"[0,1,2,3,4,11,27,33,35]","[0,14,24,35,55,58,62,66,79,89,105,106,110,112,115,118,119,127,130,131,138,139,147]",-0.7730462138789775,"{""0"":0.8752415231160083,""1"":0.9168001871277892,""2"":1.0464091205078947,""3"":1.0529368170486357,""4"":1.0174095703266577,""11"":-0.21856160126056057,""27"":0.10022811569338506,""33"":-0.27682612232661075,""35"":0.2270712749109467}",83.42694654197473,1.7612885405934746,11.724509926266064,"[0,1,2,3,4]","[14,35,55,62,66,79,89,105,106,110,112,115,118,119,127,130,131]",
54,L,data/raw/synthetic/vertical_outliers/test150322_150_50_01_2_0_5_-10_3.dat,vertical_outliers,150,49,9,30,0.20,300.0,0.0001,TIME_LIMIT,False,0.4648551648922303,0.38639601401957707,0.16878192778785794,300.0211730003357,215181.0,"[0,1,2,3,4,32,33,44,46]","[0,14,21,24,27,34,35,55,58,62,66,70,79,83,89,96,102,105,106,110,112,115,118,119,127,130,131,138,139,147]",-0.8729034585596285,"{""0"":0.9561072929617099,""1"":1.0217678268761026,""2"":1.0435692490613306,""3"":1.10591401658005,""4"":0.9060001709094491,""32"":-0.14765253217554,""33"":-0.16885267932286055,""44"":0.22215049030311873,""46"":0.174426624859231}",69.72827473383458,1.744117462847155,11.270440886133635,"[0,1,2,3,4]","[14,35,55,62,66,79,89,105,106,110,112,115,118,119,127,130,131]",
55,L,data/raw/synthetic/vertical_outliers/test150322_200_50_01_2_0_5_-10_1.dat,vertical_outliers,200,49,5,20,0.10,300.0,0.0001,OPTIMAL,True,0.8591446467899106,0.8591446467899106,0.0,10.850024938583374,21203.0,"[0,1,2,3,4]","[3,4,27,32,43,44,60,96,109,114,116,122,130,146,163,177,183,190,195,197]",-0.18109978272725308,"{""0"":1.0968489796158172,""1"":1.0163266020942068,""2"":1.0454378011462113,""3"":1.2841835961827084,""4"":0.984972842068733}",171.8289293579822,1.8902189569214034,13.300600193781571,"[0,1,2,3,4]","[3,4,7,23,27,32,43,44,60,96,109,114,116,122,130,146,163,177,178,179,183,190,195,197]",
56,L,data/raw/synthetic/vertical_outliers/test150322_200_50_01_2_0_5_-10_1.dat,vertical_outliers,200,49,5,30,0.15,300.0,0.0001,OPTIMAL,True,0.5913505616892314,0.5913505616892314,0.0,2.7557849884033203,432.0,"[0,1,2,3,4]","[3,4,7,23,27,32,43,44,60,66,88,89,96,109,111,114,116,121,122,130,134,146,163,177,178,179,183,190,195,197]",-0.16786186369111347,"{""0"":1.0999798203817164,""1"":1.0179318481527675,""2"":1.05698575997203,""3"":1.299476198271305,""4"":0.9763065815417068}",118.27011233784629,1.8918849958589623,13.347757090100293,"[0,1,2,3,4]","[3,4,7,23,27,32,43,44,60,96,109,114,116,122,130,146,163,177,178,179,183,190,195,197]",
57,L,data/raw/synthetic/vertical_outliers/test150322_200_50_01_2_0_5_-10_1.dat,vertical_outliers,200,49,5,40,0.20,300.0,0.0001,OPTIMAL,True,0.496192618478522,0.496192618478522,0.0,6.220379114151001,9536.0,"[0,1,2,3,4]","[3,4,7,23,26,27,32,35,43,44,45,49,60,66,67,85,88,89,96,104,109,111,114,116,119,121,122,128,130,134,146,163,169,177,178,179,183,190,195,197]",-0.20412912528204125,"{""0"":1.077532171559878,""1"":1.0679613876052698,""2"":1.1348004034411077,""3"":1.2774992004629468,""4"":0.9583162535059333}",99.17675812858354,1.888529429657517,13.240610861457531,"[0,1,2,3,4]","[3,4,7,23,27,32,43,44,60,96,109,114,116,122,130,146,163,177,178,179,183,190,195,197]",
58,L,data/raw/synthetic/vertical_outliers/test150322_200_50_01_2_0_5_-10_1.dat,vertical_outliers,200,49,7,20,0.10,300.0,0.0001,TIME_LIMIT,False,0.8276727096656935,0.7421574391592093,0.10332015240785795,300.0072019100189,187879.0,"[0,1,2,3,4,25,37]","[3,4,27,32,43,44,60,96,109,114,116,122,130,146,163,177,183,190,195,197]",-0.07998821969247662,"{""0"":1.1451507150748674,""1"":0.9979248774646964,""2"":1.1031601620886788,""3"":1.2415573931190595,""4"":0.9897353486364548,""25"":-0.18115063555349017,""37"":0.2026467685641249}",165.53454193313888,1.8611876369679505,13.234189850935236,"[0,1,2,3,4]","[3,4,7,23,27,32,43,44,60,96,109,114,116,122,130,146,163,177,178,179,183,190,195,197]",
59,L,data/raw/synthetic/vertical_outliers/test150322_200_50_01_2_0_5_-10_1.dat,vertical_outliers,200,49,7,30,0.15,300.0,0.0001,OPTIMAL,True,0.5610128769417402,0.5610128769417402,0.0,53.42086100578308,39763.0,"[0,1,2,3,4,30,37]","[3,4,7,23,27,32,43,44,60,66,88,89,96,109,111,114,116,121,122,130,134,146,163,177,178,179,183,190,195,197]",-0.10080786486992588,"{""0"":1.1108412838340462,""1"":1.0656914362705854,""2"":1.0284437973414915,""3"":1.2904697651895183,""4"":0.9484443417788516,""30"":-0.1499040088919487,""37"":0.17279552068374568}",112.20257538834805,1.8598203405419822,13.208260727105257,"[0,1,2,3,4]","[3,4,7,23,27,32,43,44,60,96,109,114,116,122,130,146,163,177,178,179,183,190,195,197]",
60,L,data/raw/synthetic/vertical_outliers/test150322_200_50_01_2_0_5_-10_1.dat,vertical_outliers,200,49,7,40,0.20,300.0,0.0001,TIME_LIMIT,False,0.46884940371646355,0.4332484578150348,0.075932582230516,300.00609707832336,361155.0,"[0,1,2,3,4,32,37]","[3,4,7,23,27,32,35,43,44,45,49,60,63,66,67,88,89,94,96,104,109,111,114,116,119,121,122,128,130,134,146,163,169,177,178,179,183,190,195,197]",-0.14279679887707436,"{""0"":1.046832887353083,""1"":1.0735421302235832,""2"":0.9975778677138223,""3"":1.3007806091768217,""4"":0.956735057570342,""32"":-0.1026024212107753,""37"":0.19055072692417416}",93.06311458451692,1.852870390173306,13.083008960680939,"[0,1,2,3,4]","[3,4,7,23,27,32,43,44,60,96,109,114,116,122,130,146,163,177,178,179,183,190,195,197]",
61,L,data/raw/synthetic/vertical_outliers/test150322_200_50_01_2_0_5_-10_1.dat,vertical_outliers,200,49,9,20,0.10,300.0,0.0001,TIME_LIMIT,False,0.8023922641325323,0.7310119352153561,0.08895939318949636,300.01046991348267,261042.0,"[0,1,2,3,4,7,25,32,37]","[3,4,23,27,32,43,44,60,96,109,114,116,130,146,163,177,183,190,195,197]",-0.10221771257722732,"{""0"":1.1535306244884704,""1"":1.002541435762955,""2"":1.0163678949838417,""3"":1.1914200397935146,""4"":0.9612669907930219,""7"":0.18150346381564744,""25"":-0.16675038557832886,""32"":-0.14505052691973316,""37"":0.14590251139489138}",160.33874890300376,1.8244471765566674,12.883140005705691,"[0,1,2,3,4]","[3,4,7,23,27,32,43,44,60,96,109,114,116,122,130,146,163,177,178,179,183,190,195,197]",
62,L,data/raw/synthetic/vertical_outliers/test150322_200_50_01_2_0_5_-10_1.dat,vertical_outliers,200,49,9,30,0.15,300.0,0.0001,OPTIMAL,True,0.5414716696658963,0.5414716696658963,0.0,210.08582186698914,213958.0,"[0,1,2,3,4,26,30,34,37]","[3,4,7,23,27,32,43,44,60,66,88,89,96,109,111,114,116,121,122,130,134,146,163,177,178,179,183,190,195,197]",-0.07056720134244919,"{""0"":1.1119122386095226,""1"":1.137591857697126,""2"":1.0146088732199885,""3"":1.243032675309177,""4"":0.9433273779882584,""26"":-0.13033104194342862,""30"":-0.23084865534274357,""34"":0.18913155094205425,""37"":0.14542323970271512}",108.2943339331793,1.846962701702659,13.294420638487088,"[0,1,2,3,4]","[3,4,7,23,27,32,43,44,60,96,109,114,116,122,130,146,163,177,178,179,183,190,195,197]",
63,L,data/raw/synthetic/vertical_outliers/test150322_200_50_01_2_0_5_-10_1.dat,vertical_outliers,200,49,9,40,0.20,300.0,0.0001,TIME_LIMIT,False,0.4542858394456547,0.3763944554940355,0.1714589740386068,300.0221769809723,80056.0,"[0,1,2,3,4,24,30,32,37]","[3,4,7,23,26,27,32,35,43,44,49,60,66,67,68,88,89,94,96,104,109,111,114,116,119,121,122,130,134,146,151,163,169,177,178,179,183,190,195,197]",-0.08311899848276579,"{""0"":1.094343428840261,""1"":1.1179641915446692,""2"":1.1133451994566017,""3"":1.3008281850455616,""4"":0.9882939671781287,""24"":-0.13755627263384143,""30"":-0.1922384850881428,""32"":-0.11252820556217831,""37"":0.13957000372593792}",90.45917662641087,1.8505979582391467,13.287893326401713,"[0,1,2,3,4]","[3,4,7,23,27,32,43,44,60,96,109,114,116,122,130,146,163,177,178,179,183,190,195,197]",
64,L,data/raw/synthetic/vertical_outliers/test150322_200_50_01_2_0_5_-10_2.dat,vertical_outliers,200,49,5,20,0.10,300.0,0.0001,OPTIMAL,True,0.962986333788422,0.962986333788422,0.0,20.839102029800415,38776.0,"[0,1,2,3,4]","[10,11,24,34,43,49,50,66,70,71,74,83,108,117,143,150,169,194,197,198]",-1.1008377761319517,"{""0"":0.9781920469436125,""1"":1.0683574346252291,""2"":1.0496948927384455,""3"":1.0056332772017869,""4"":1.1676332580075173}",192.566189616553,1.9797312664414823,13.472236279613876,"[0,1,2,3,4]","[10,11,15,24,34,39,43,49,50,66,70,71,74,83,107,108,117,142,143,147,150,169,185,194,197,198]",
65,L,data/raw/synthetic/vertical_outliers/test150322_200_50_01_2_0_5_-10_2.dat,vertical_outliers,200,49,5,30,0.15,300.0,0.0001,OPTIMAL,True,0.6569357347432863,0.6569357347432863,0.0,4.65671706199646,2023.0,"[0,1,2,3,4]","[10,11,15,24,34,39,43,49,50,66,70,71,74,83,107,108,117,122,142,143,147,150,153,155,160,169,185,194,197,198]",-1.06257733765407,"{""0"":0.9839906539159118,""1"":1.101301715340249,""2"":1.0185522499803106,""3"":1.0013440347586722,""4"":1.1703094607177496}",131.29760854923853,1.983884601814691,13.575228644902591,"[0,1,2,3,4]","[10,11,15,24,34,39,43,49,50,66,70,71,74,83,107,108,117,142,143,147,150,169,185,194,197,198]",
66,L,data/raw/synthetic/vertical_outliers/test150322_200_50_01_2_0_5_-10_2.dat,vertical_outliers,200,49,5,40,0.20,300.0,0.0001,OPTIMAL,True,0.5517420996415471,0.5517420996415471,0.0,18.288859128952026,26578.0,"[0,1,2,3,4]","[10,11,15,16,24,33,34,39,43,49,50,51,66,70,71,74,81,83,90,107,108,117,122,141,142,143,147,150,152,153,155,160,169,178,180,185,187,194,197,198]",-1.0582378718887175,"{""0"":0.9753048894404932,""1"":1.1141988392136977,""2"":1.0217508305926917,""3"":1.00520548861945,""4"":1.1721056449491098}",110.17694184861747,1.9844667344495712,13.588680769060206,"[0,1,2,3,4]","[10,11,15,24,34,39,43,49,50,66,70,71,74,83,107,108,117,142,143,147,150,169,185,194,197,198]",
67,L,data/raw/synthetic/vertical_outliers/test150322_200_50_01_2_0_5_-10_2.dat,vertical_outliers,200,49,7,20,0.10,300.0,0.0001,TIME_LIMIT,False,0.926156410066582,0.7977783819685605,0.13861376620909235,300.0040421485901,78535.0,"[0,1,2,3,4,31,44]","[10,11,24,34,43,49,50,66,70,71,74,83,108,117,143,150,169,185,197,198]",-1.1448525206586768,"{""0"":0.9637305738513025,""1"":1.0699360389934724,""2"":0.9970151012156125,""3"":0.9375355470792751,""4"":1.0765589473050927,""31"":0.24175617209614336,""44"":-0.18923161527423749}",185.23128201334646,1.9404270700701198,13.235408627287372,"[0,1,2,3,4]","[10,11,15,24,34,39,43,49,50,66,70,71,74,83,107,108,117,142,143,147,150,169,185,194,197,198]",
68,L,data/raw/synthetic/vertical_outliers/test150322_200_50_01_2_0_5_-10_2.dat,vertical_outliers,200,49,7,30,0.15,300.0,0.0001,OPTIMAL,True,0.6214551867261524,0.6214551867261524,0.0,26.583550930023193,23166.0,"[0,1,2,3,4,7,8]","[10,11,15,24,34,39,43,49,50,66,70,71,74,83,107,108,117,142,143,147,150,153,155,160,169,180,185,194,197,198]",-0.9718707329792229,"{""0"":0.9079649571306572,""1"":1.2067715382673943,""2"":0.9624031360840049,""3"":0.9225529029460173,""4"":1.1285195162914183,""7"":0.2415049876493643,""8"":-0.16302106344164083}",124.29103734523055,1.9592938581100694,13.716231123611992,"[0,1,2,3,4]","[10,11,15,24,34,39,43,49,50,66,70,71,74,83,107,108,117,142,143,147,150,169,185,194,197,198]",
69,L,data/raw/synthetic/vertical_outliers/test150322_200_50_01_2_0_5_-10_2.dat,vertical_outliers,200,49,7,40,0.20,300.0,0.0001,TIME_LIMIT,False,0.5181039655440671,0.4807634694574803,0.07207143463450459,300.00519323349,329481.0,"[0,1,2,3,4,7,31]","[10,11,15,16,24,33,34,39,43,49,50,51,66,70,71,74,81,83,90,107,108,115,117,122,142,143,147,150,152,153,155,160,169,180,185,187,194,195,197,198]",-1.0772135399156315,"{""0"":0.9326373698964615,""1"":1.139081572374798,""2"":1.0026271152361617,""3"":0.9616598281947004,""4"":1.0265610934259317,""7"":0.22569704939086987,""31"":0.2626541096896634}",103.35397211688463,1.943542778780233,13.304441528480424,"[0,1,2,3,4]","[10,11,15,24,34,39,43,49,50,66,70,71,74,83,107,108,117,142,143,147,150,169,185,194,197,198]",
70,L,data/raw/synthetic/vertical_outliers/test150322_200_50_01_2_0_5_-10_2.dat,vertical_outliers,200,49,9,20,0.10,300.0,0.0001,TIME_LIMIT,False,0.8967044857107107,0.7445274047792222,0.16970705885437373,300.0058648586273,61147.0,"[0,1,2,3,4,7,8,31,44]","[10,11,24,34,39,43,49,50,66,70,71,74,83,108,117,143,150,169,197,198]",-1.1100182390069144,"{""0"":0.9349766948517865,""1"":1.1325520079739866,""2"":1.0507369202598056,""3"":0.9399543741906274,""4"":1.1127200394594496,""7"":0.20402066855273135,""8"":-0.09331599123908715,""31"":0.24063340413736933,""44"":-0.1935283570902954}",179.3408971421422,1.9159106522640965,13.328321589572269,"[0,1,2,3,4]","[10,11,15,24,34,39,43,49,50,66,70,71,74,83,107,108,117,142,143,147,150,169,185,194,197,198]",
71,L,data/raw/synthetic/vertical_outliers/test150322_200_50_01_2_0_5_-10_2.dat,vertical_outliers,200,49,9,30,0.15,300.0,0.0001,OPTIMAL,True,0.5960933391283426,0.5960933391283426,0.0,155.05263996124268,116319.0,"[0,1,2,3,4,7,31,33,44]","[10,11,15,24,34,39,43,49,50,66,70,71,74,83,107,108,117,122,142,143,147,150,153,160,169,180,185,194,197,198]",-1.0971610264161908,"{""0"":0.9326112725656784,""1"":1.1671318467990797,""2"":1.043786806017021,""3"":0.9200407238224463,""4"":1.100798858141807,""7"":0.16974183856202044,""31"":0.24649068711630112,""33"":0.12120899888185992,""44"":-0.16733291259292316}",119.21866782566855,1.9235740131050527,13.503770942792517,"[0,1,2,3,4]","[10,11,15,24,34,39,43,49,50,66,70,71,74,83,107,108,117,142,143,147,150,169,185,194,197,198]",
72,L,data/raw/synthetic/vertical_outliers/test150322_200_50_01_2_0_5_-10_2.dat,vertical_outliers,200,49,9,40,0.20,300.0,0.0001,TIME_LIMIT,False,0.4898852479681281,0.4032986329704159,0.17674876995550093,300.0047781467438,46906.0,"[0,1,2,3,4,7,31,33,44]","[10,11,15,16,24,33,34,39,43,49,50,51,66,70,71,74,81,83,90,107,108,115,117,122,142,143,147,150,152,153,155,160,169,180,185,187,194,195,197,198]",-1.1099338207849876,"{""0"":0.921065680126203,""1"":1.166470598158077,""2"":1.0171651562982087,""3"":0.9029460464797264,""4"":1.063025826720795,""7"":0.17188195056231617,""31"":0.25807678704637854,""33"":0.1341064918239261,""44"":-0.16876870959165857}",97.32651587749731,1.9212554305865246,13.44369695898628,"[0,1,2,3,4]","[10,11,15,24,34,39,43,49,50,66,70,71,74,83,107,108,117,142,143,147,150,169,185,194,197,198]",
73,L,data/raw/synthetic/vertical_outliers/test150322_200_50_01_2_0_5_-10_3.dat,vertical_outliers,200,49,5,20,0.10,300.0,0.0001,OPTIMAL,True,0.6906243331554462,0.6906243331554462,0.0,1.8148910999298096,172.0,"[0,1,2,3,4]","[8,26,40,60,67,71,76,92,96,100,107,111,135,140,145,156,165,174,182,194]",-0.6656861815426195,"{""0"":1.0631716657550363,""1"":0.9306117623248593,""2"":1.1081033264127618,""3"":0.9970688747559187,""4"":0.9159279108650935}",138.12486663108928,1.7073910893054387,11.529364993982409,"[0,1,2,3,4]","[8,26,40,60,67,71,92,96,100,107,111,135,140,145,156,165,174,182,194]",
74,L,data/raw/synthetic/vertical_outliers/test150322_200_50_01_2_0_5_-10_3.dat,vertical_outliers,200,49,5,30,0.15,300.0,0.0001,OPTIMAL,True,0.5808695053337258,0.5808695053337258,0.0,3.7407140731811523,7120.0,"[0,1,2,3,4]","[8,21,23,26,34,40,60,67,71,76,80,90,92,96,100,102,107,111,135,140,145,156,165,166,173,174,182,186,194,199]",-0.6488136376483606,"{""0"":1.0996948438141843,""1"":0.9705958573666755,""2"":1.03760644745423,""3"":0.9790012239063008,""4"":0.9127249345001293}",116.1739010667452,1.7078695259429646,11.514470727178718,"[0,1,2,3,4]","[8,26,40,60,67,71,92,96,100,107,111,135,140,145,156,165,174,182,194]",
75,L,data/raw/synthetic/vertical_outliers/test150322_200_50_01_2_0_5_-10_3.dat,vertical_outliers,200,49,5,40,0.20,300.0,0.0001,OPTIMAL,True,0.5039603002519897,0.5039603002519897,0.0,52.55544996261597,99569.0,"[0,1,2,3,4]","[6,8,21,23,26,34,40,46,49,60,67,71,76,77,80,90,92,95,96,97,100,102,107,110,111,133,135,140,145,148,149,156,165,166,173,174,182,186,194,199]",-0.7669212309411634,"{""0"":1.0981073838097386,""1"":0.8862143015377544,""2"":1.04236519667494,""3"":0.9450005868475786,""4"":0.9874493429156446}",100.55842150749739,1.6950567436604427,11.214510956630983,"[0,1,2,3,4]","[8,26,40,60,67,71,92,96,100,107,111,135,140,145,156,165,174,182,194]",
76,L,data/raw/synthetic/vertical_outliers/test150322_200_50_01_2_0_5_-10_3.dat,vertical_outliers,200,49,7,20,0.10,300.0,0.0001,OPTIMAL,True,0.6630814104671483,0.6630814104671483,0.0,12.758842945098877,5535.0,"[0,1,2,3,4,24,31]","[8,26,40,60,67,71,76,92,96,100,107,111,135,140,145,156,165,174,182,194]",-0.6767868415531778,"{""0"":1.0299009521279494,""1"":0.9750864537522925,""2"":1.0653842644681637,""3"":0.9658156423041427,""4"":1.0198663381099071,""24"":0.1848926616105421,""31"":-0.18739620823748007}",132.61628209342967,1.675891378229643,11.475262145786902,"[0,1,2,3,4]","[8,26,40,60,67,71,92,96,100,107,111,135,140,145,156,165,174,182,194]",
77,L,data/raw/synthetic/vertical_outliers/test150322_200_50_01_2_0_5_-10_3.dat,vertical_outliers,200,49,7,30,0.15,300.0,0.0001,OPTIMAL,True,0.5472657404627148,0.5472657404627148,0.0,81.99768280982971,77073.0,"[0,1,2,3,4,24,31]","[8,21,23,26,34,40,60,67,71,76,77,80,92,96,100,102,107,111,135,140,145,156,165,166,173,174,182,186,194,199]",-0.681595266581736,"{""0"":1.0320012948755466,""1"":0.9780529721633298,""2"":1.0603017978875817,""3"":0.9640693472007158,""4"":1.0184353069090624,""24"":0.19182006615407599,""31"":-0.1912523532418066}",109.2568437831709,1.6753427098002702,11.46358066707085,"[0,1,2,3,4]","[8,26,40,60,67,71,92,96,100,107,111,135,140,145,156,165,174,182,194]",
78,L,data/raw/synthetic/vertical_outliers/test150322_200_50_01_2_0_5_-10_3.dat,vertical_outliers,200,49,7,40,0.20,300.0,0.0001,TIME_LIMIT,False,0.4675720166001484,0.4246393182829694,0.09182050420672111,300.004065990448,363265.0,"[0,1,2,3,4,24,31]","[6,8,21,23,26,34,40,46,55,58,60,67,71,76,77,80,90,92,95,96,97,100,102,107,111,115,133,135,140,145,149,156,165,166,173,174,182,186,194,199]",-0.6817164706437837,"{""0"":1.0331827395004802,""1"":0.9809945543017121,""2"":1.0549880301375796,""3"":0.9694752388300187,""4"":1.028602324473867,""24"":0.1995528116433744,""31"":-0.1955202852050596}",93.18211465360245,1.6759237676372876,11.46762735569349,"[0,1,2,3,4]","[8,26,40,60,67,71,92,96,100,107,111,135,140,145,156,165,174,182,194]",
79,L,data/raw/synthetic/vertical_outliers/test150322_200_50_01_2_0_5_-10_3.dat,vertical_outliers,200,49,9,20,0.10,300.0,0.0001,OPTIMAL,True,0.6418274747504773,0.6418274747504773,0.0,21.044553995132446,10535.0,"[0,1,2,3,4,24,25,31,44]","[8,26,40,60,67,71,76,92,96,100,107,111,135,140,145,156,165,174,182,194]",-0.7329256834040242,"{""0"":1.0986490887261449,""1"":0.9190334916825187,""2"":0.9941821343563003,""3"":1.0019899704143957,""4"":0.9800539687047607,""24"":0.1934670163426123,""25"":0.20209512672741706,""31"":-0.25358052880116033,""44"":0.19932164991734602}",128.36549495009558,1.6537494378466917,11.556990267916035,"[0,1,2,3,4]","[8,26,40,60,67,71,92,96,100,107,111,135,140,145,156,165,174,182,194]",
80,L,data/raw/synthetic/vertical_outliers/test150322_200_50_01_2_0_5_-10_3.dat,vertical_outliers,200,49,9,30,0.15,300.0,0.0001,TIME_LIMIT,False,0.5237525293502205,0.5112491656977737,0.023872655408383087,300.0055069923401,302413.0,"[0,1,2,3,4,24,25,31,44]","[8,21,26,34,40,60,67,71,76,77,80,90,92,96,100,102,107,111,135,140,145,156,165,166,173,174,182,186,194,199]",-0.7479635880024831,"{""0"":1.101575596504778,""1"":0.904117047605279,""2"":0.9595628395280885,""3"":0.993739555519527,""4"":0.9971183695698632,""24"":0.19483925258211887,""25"":0.18355329033691373,""31"":-0.27322970113958994,""44"":0.2001785072997152}",104.75050587004414,1.6507342851581168,11.493152044573753,"[0,1,2,3,4]","[8,26,40,60,67,71,92,96,100,107,111,135,140,145,156,165,174,182,194]",
81,L,data/raw/synthetic/vertical_outliers/test150322_200_50_01_2_0_5_-10_3.dat,vertical_outliers,200,49,9,40,0.20,300.0,0.0001,TIME_LIMIT,False,0.4429511207686208,0.3667876842507019,0.17194546519209172,300.06169605255127,117038.0,"[0,1,2,3,4,24,25,31,44]","[8,21,23,26,34,40,46,49,55,58,60,67,71,76,77,80,90,92,96,97,100,102,107,110,111,115,135,140,142,145,149,156,165,166,173,174,182,186,194,199]",-0.7939069678280651,"{""0"":1.1231289557807334,""1"":0.9041827601493183,""2"":0.9375008430714709,""3"":1.0006522932787738,""4"":0.9850794208156316,""24"":0.22174084501749058,""25"":0.13752629904989544,""31"":-0.26870961298048823,""44"":0.2178707194123733}",88.06518100712283,1.6471890023942009,11.385219941080909,"[0,1,2,3,4]","[8,26,40,60,67,71,92,96,100,107,111,135,140,145,156,165,174,182,194]",
